"*ContactName","EmailAddress","POAddressLine1","POAddressLine2","POAddressLine3","POAddressLine4","POCity","PORegion","POPostalCode","POCountry","*InvoiceNumber","Reference","*InvoiceDate","*DueDate","Total","InventoryItemCode","*Description","*Quantity","*UnitAmount","Discount","*AccountCode","*TaxType","TaxAmount","TrackingName1","TrackingOption1","TrackingName2","TrackingOption2","Currency","Branding Theme"
"1302 MACKA'S SAND & SOIL SUPPLIES","","","","","","","","","","M37417","10,211","31/07/2023","30/08/2023","","OUT OF PIT:ex pit/f","July 2023 - actual quantity 86869.42",86869.42,10,"","411000","GST on Income",86869.42,"","","","","",""
"1302 MACKA'S SAND & SOIL SUPPLIES","","","","","","","","","","M37418","10,212","31/08/2023","30/09/2023","","OUT OF PIT:ex pit/f","August 2023 - actual quantity 99,901.17",99901.17,10,"","411000","GST on Income",99901.17,"","","","","",""
"1302 MACKA'S SAND & SOIL SUPPLIES","","","","","","","","","","M37419","10,213","30/09/2023","30/10/2023","","OUT OF PIT:ex pit/f","September 2023 - actual quantity 82,534.96",82534.96,9.999999999999998,"","411000","GST on Income",82534.96,"","","","","",""
"0234 MICHEAL BIGENI","","","","","","","","","","W37353","10,209","03/10/2023","02/11/2023","","OUT OF PIT:ex pit/f","WI219918/2    BIGEN4    29.66t    Fill Sand Will",29.66,10,"","411000","GST on Income",29.66,"","","","","",""
"1302 MACKA'S SAND & SOIL SUPPLIES","","","","","","","","","","M37798","10,302","31/10/2023","30/11/2023","","OUT OF PIT:ex pit/f","Oct 2023 - Quantie 66,472.68",66472.68,10.000000000000002,"","411000","GST on Income",66472.68,"","","","","",""
"1424 Newcastle Sandstone Supplies","","","","","","","","","","W37416","10,210","01/11/2023","31/12/2023","","OUT OF PIT:ex pit/f","WI221027/1    XO31AK    12.06t    Fill Sand Will",12.06,10,"","411000","GST on Income",12.06,"","","","","",""
"1424 Newcastle Sandstone Supplies","","","","","","","","","","W37416","10,210","01/11/2023","31/12/2023","","OUT OF PIT:ex pit/f","WI221034/1    XO31AK    8.00t    Fill Sand Will",8,10,"","411000","GST on Income",8,"","","","","",""
"1302 MACKA'S SAND & SOIL","","","","","","","","","","W35676","10,278","30/11/2023","31/12/2023","","OUT OF PIT:ex pit/f","SI170186/2    CB55FE    12.74t    Fill Sand S/Ash",12.74,10.249607535321822,"","411000","GST on Income",13.05,"","","","","",""
"1302 MACKA'S SAND & SOIL","","","","","","","","","","W35676","10,278","30/11/2023","31/12/2023","","OUT OF PIT:ex pit/f","SI170188/1    CB55FE    12.92t    Fill Sand S/Ash",12.92,10.25,"","411000","GST on Income",13.24,"","","","","",""
"1302 MACKA'S SAND & SOIL","","","","","","","","","","W35676","10,278","30/11/2023","31/12/2023","","OUT OF PIT:ex pit/f","SI170190/1    CB55FE    12.96t    Fill Sand S/Ash",12.96,10.25,"","411000","GST on Income",13.28,"","","","","",""
"1302 MACKA'S SAND & SOIL SUPPLIES","","","","","","","","","","M37799","10,303","30/11/2023","30/12/2023","","OUT OF PIT:ex pit/f","Nov 2023 - Quantity 81,036.03",81036.03,10,"","411000","GST on Income",81036.03,"","","","","",""
"0403 DARACON","","","","","","","","","","W37772","10,285","20/12/2023","19/01/2024","","OUT OF PIT:ex pit/f","WI225658/1    XO25FD    36.42t    Fill Sand Will",36.42,10,"","411000","GST on Income",36.42,"","","","","",""
"0403 DARACON","","","","","","","","","","W37772","10,285","20/12/2023","19/01/2024","","OUT OF PIT:ex pit/f","WI225659/1    XO40BG    37.72t    Fill Sand Will",37.72,10,"","411000","GST on Income",37.72,"","","","","",""
"0403 DARACON","","","","","","","","","","W37772","10,285","20/12/2023","19/01/2024","","OUT OF PIT:ex pit/f","WI225660/1    XO20CL    30.96t    Fill Sand Will",30.96,10,"","411000","GST on Income",30.96,"","","","","",""
"0403 DARACON","","","","","","","","","","W37772","10,285","20/12/2023","19/01/2024","","OUT OF PIT:ex pit/f","WI225916/1    FHE600    35.90t    Fill Sand Will",35.9,10,"","411000","GST on Income",35.9,"","","","","",""
"0403 DARACON","","","","","","","","","","W37772","10,285","20/12/2023","19/01/2024","","OUT OF PIT:ex pit/f","WI225661/1    XO72FQ    30.30t    Fill Sand Will",30.3,10,"","411000","GST on Income",30.3,"","","","","",""
"0403 DARACON","","","","","","","","","","W37772","10,285","20/12/2023","19/01/2024","","OUT OF PIT:ex pit/f","WI225918/1    FHE610    37.34t    Fill Sand Will",37.34,9.999999999999998,"","411000","GST on Income",37.34,"","","","","",""
"0403 DARACON","","","","","","","","","","W37772","10,285","20/12/2023","19/01/2024","","OUT OF PIT:ex pit/f","WI225663/1    XO51RW    30.24t    Fill Sand Will",30.24,10,"","411000","GST on Income",30.24,"","","","","",""
"0403 DARACON","","","","","","","","","","W37772","10,285","20/12/2023","19/01/2024","","OUT OF PIT:ex pit/f","WI225670/1    XO25FD    36.62t    Fill Sand Will",36.62,10,"","411000","GST on Income",36.62,"","","","","",""
"0403 DARACON","","","","","","","","","","W37772","10,285","20/12/2023","19/01/2024","","OUT OF PIT:ex pit/f","WI225926/1    FHE480    36.66t    Fill Sand Will",36.66,10.000000000000002,"","411000","GST on Income",36.66,"","","","","",""
"0403 DARACON","","","","","","","","","","W37772","10,285","20/12/2023","19/01/2024","","OUT OF PIT:ex pit/f","WI225927/1    XN15KO    36.64t    Fill Sand Will",36.64,10,"","411000","GST on Income",36.64,"","","","","",""
"0403 DARACON","","","","","","","","","","W37772","10,285","20/12/2023","19/01/2024","","OUT OF PIT:ex pit/f","WI225673/1    XO40BG    37.78t    Fill Sand Will",37.78,10,"","411000","GST on Income",37.78,"","","","","",""
"0403 DARACON","","","","","","","","","","W37772","10,285","20/12/2023","19/01/2024","","OUT OF PIT:ex pit/f","WI225674/1    XO20CL    31.54t    Fill Sand Will",31.54,10,"","411000","GST on Income",31.54,"","","","","",""
"0403 DARACON","","","","","","","","","","W37772","10,285","20/12/2023","19/01/2024","","OUT OF PIT:ex pit/f","WI225675/1    XO72FQ    30.90t    Fill Sand Will",30.9,10,"","411000","GST on Income",30.9,"","","","","",""
"0403 DARACON","","","","","","","","","","W37772","10,285","20/12/2023","19/01/2024","","OUT OF PIT:ex pit/f","WI225932/1    3SNOOP    38.70t    Fill Sand Will",38.7,10,"","411000","GST on Income",38.7,"","","","","",""
"0403 DARACON","","","","","","","","","","W37772","10,285","20/12/2023","19/01/2024","","OUT OF PIT:ex pit/f","WI225677/1    XO51RW    30.86t    Fill Sand Will",30.86,10.000000000000002,"","411000","GST on Income",30.86,"","","","","",""
"0403 DARACON","","","","","","","","","","W37772","10,285","20/12/2023","19/01/2024","","OUT OF PIT:ex pit/f","WI225934/1    FHE620    37.60t    Fill Sand Will",37.6,10,"","411000","GST on Income",37.6,"","","","","",""
"0403 DARACON","","","","","","","","","","W37772","10,285","20/12/2023","19/01/2024","","OUT OF PIT:ex pit/f","WI225936/1    XO25FD    37.22t    Fill Sand Will",37.22,10,"","411000","GST on Income",37.22,"","","","","",""
"0403 DARACON","","","","","","","","","","W37772","10,285","20/12/2023","19/01/2024","","OUT OF PIT:ex pit/f","WI225683/1    XO25FD    36.90t    Fill Sand Will",36.9,10,"","411000","GST on Income",36.9,"","","","","",""
"0403 DARACON","","","","","","","","","","W37772","10,285","20/12/2023","19/01/2024","","OUT OF PIT:ex pit/f","WI225939/1    FHE600    35.96t    Fill Sand Will",35.96,10,"","411000","GST on Income",35.96,"","","","","",""
"0403 DARACON","","","","","","","","","","W37772","10,285","20/12/2023","19/01/2024","","OUT OF PIT:ex pit/f","WI225940/1    FHE610    37.44t    Fill Sand Will",37.44,10,"","411000","GST on Income",37.44,"","","","","",""
"0403 DARACON","","","","","","","","","","W37772","10,285","20/12/2023","19/01/2024","","OUT OF PIT:ex pit/f","WI225685/1    XO40BG    37.88t    Fill Sand Will",37.88,10,"","411000","GST on Income",37.88,"","","","","",""
"0403 DARACON","","","","","","","","","","W37772","10,285","20/12/2023","19/01/2024","","OUT OF PIT:ex pit/f","WI225686/1    XO20CL    31.76t    Fill Sand Will",31.76,10,"","411000","GST on Income",31.76,"","","","","",""
"0403 DARACON","","","","","","","","","","W37772","10,285","20/12/2023","19/01/2024","","OUT OF PIT:ex pit/f","WI225942/1    FHE480    36.80t    Fill Sand Will",36.8,10,"","411000","GST on Income",36.8,"","","","","",""
"0403 DARACON","","","","","","","","","","W37772","10,285","20/12/2023","19/01/2024","","OUT OF PIT:ex pit/f","WI225688/1    XO72FQ    30.86t    Fill Sand Will",30.86,10.000000000000002,"","411000","GST on Income",30.86,"","","","","",""
"0403 DARACON","","","","","","","","","","W37772","10,285","20/12/2023","19/01/2024","","OUT OF PIT:ex pit/f","WI225944/1    XN15KO    37.04t    Fill Sand Will",37.04,10,"","411000","GST on Income",37.04,"","","","","",""
"0403 DARACON","","","","","","","","","","W37772","10,285","20/12/2023","19/01/2024","","OUT OF PIT:ex pit/f","WI225433/1    FHE620    37.38t    Fill Sand Will",37.38,10,"","411000","GST on Income",37.38,"","","","","",""
"0403 DARACON","","","","","","","","","","W37772","10,285","20/12/2023","19/01/2024","","OUT OF PIT:ex pit/f","WI225434/1    FHE222    31.08t    Fill Sand Will",31.08,10.000000000000002,"","411000","GST on Income",31.08,"","","","","",""
"0403 DARACON","","","","","","","","","","W37772","10,285","20/12/2023","19/01/2024","","OUT OF PIT:ex pit/f","WI225690/1    XO51RW    30.96t    Fill Sand Will",30.96,10,"","411000","GST on Income",30.96,"","","","","",""
"0403 DARACON","","","","","","","","","","W37772","10,285","20/12/2023","19/01/2024","","OUT OF PIT:ex pit/f","WI225435/1    FHE610    37.40t    Fill Sand Will",37.4,10,"","411000","GST on Income",37.4,"","","","","",""
"0403 DARACON","","","","","","","","","","W37772","10,285","20/12/2023","19/01/2024","","OUT OF PIT:ex pit/f","WI225438/1    XN15KO    36.76t    Fill Sand Will",36.76,10.000000000000002,"","411000","GST on Income",36.76,"","","","","",""
"0403 DARACON","","","","","","","","","","W37772","10,285","20/12/2023","19/01/2024","","OUT OF PIT:ex pit/f","WI225440/1    XO25FD    37.18t    Fill Sand Will",37.18,10,"","411000","GST on Income",37.18,"","","","","",""
"0403 DARACON","","","","","","","","","","W37772","10,285","20/12/2023","19/01/2024","","OUT OF PIT:ex pit/f","WI225446/1    XO20CL    31.86t    Fill Sand Will",31.86,10.000000000000002,"","411000","GST on Income",31.86,"","","","","",""
"0403 DARACON","","","","","","","","","","W37772","10,285","20/12/2023","19/01/2024","","OUT OF PIT:ex pit/f","WI225449/1    FHE620    37.50t    Fill Sand Will",37.5,10,"","411000","GST on Income",37.5,"","","","","",""
"0403 DARACON","","","","","","","","","","W37772","10,285","20/12/2023","19/01/2024","","OUT OF PIT:ex pit/f","WI225451/1    FHE222    31.32t    Fill Sand Will",31.32,10,"","411000","GST on Income",31.32,"","","","","",""
"0403 DARACON","","","","","","","","","","W37772","10,285","20/12/2023","19/01/2024","","OUT OF PIT:ex pit/f","WI225452/1    FHE610    37.38t    Fill Sand Will",37.38,10,"","411000","GST on Income",37.38,"","","","","",""
"0403 DARACON","","","","","","","","","","W37772","10,285","20/12/2023","19/01/2024","","OUT OF PIT:ex pit/f","WI225455/1    XN15KO    36.86t    Fill Sand Will",36.86,10,"","411000","GST on Income",36.86,"","","","","",""
"0403 DARACON","","","","","","","","","","W37772","10,285","20/12/2023","19/01/2024","","OUT OF PIT:ex pit/f","WI225458/1    XO25FD    37.40t    Fill Sand Will",37.4,10,"","411000","GST on Income",37.4,"","","","","",""
"0403 DARACON","","","","","","","","","","W37772","10,285","20/12/2023","19/01/2024","","OUT OF PIT:ex pit/f","WI225462/1    XO20CL    31.80t    Fill Sand Will",31.8,10,"","411000","GST on Income",31.8,"","","","","",""
"0403 DARACON","","","","","","","","","","W37772","10,285","20/12/2023","19/01/2024","","OUT OF PIT:ex pit/f","WI225469/1    XO72FQ    31.06t    Fill Sand Will",31.06,10.000000000000002,"","411000","GST on Income",31.06,"","","","","",""
"0403 DARACON","","","","","","","","","","W37772","10,285","20/12/2023","19/01/2024","","OUT OF PIT:ex pit/f","WI225471/1    FHE620    37.64t    Fill Sand Will",37.64,10,"","411000","GST on Income",37.64,"","","","","",""
"0403 DARACON","","","","","","","","","","W37772","10,285","20/12/2023","19/01/2024","","OUT OF PIT:ex pit/f","WI225472/1    FHE222    31.32t    Fill Sand Will",31.32,10,"","411000","GST on Income",31.32,"","","","","",""
"0403 DARACON","","","","","","","","","","W37772","10,285","20/12/2023","19/01/2024","","OUT OF PIT:ex pit/f","WI225474/1    FHE610    37.92t    Fill Sand Will",37.92,10,"","411000","GST on Income",37.92,"","","","","",""
"0403 DARACON","","","","","","","","","","W37772","10,285","20/12/2023","19/01/2024","","OUT OF PIT:ex pit/f","WI225987/1    3SNOOP    38.58t    Fill Sand Will",38.58,10,"","411000","GST on Income",38.58,"","","","","",""
"0403 DARACON","","","","","","","","","","W37772","10,285","20/12/2023","19/01/2024","","OUT OF PIT:ex pit/f","WI225476/1    XN15KO    36.76t    Fill Sand Will",36.76,10.000000000000002,"","411000","GST on Income",36.76,"","","","","",""
"0403 DARACON","","","","","","","","","","W37772","10,285","20/12/2023","19/01/2024","","OUT OF PIT:ex pit/f","WI225478/1    XO25FD    37.16t    Fill Sand Will",37.16,10.000000000000002,"","411000","GST on Income",37.16,"","","","","",""
"0403 DARACON","","","","","","","","","","W37772","10,285","20/12/2023","19/01/2024","","OUT OF PIT:ex pit/f","WI225486/1    XO72FQ    30.64t    Fill Sand Will",30.64,9.999999999999998,"","411000","GST on Income",30.64,"","","","","",""
"0403 DARACON","","","","","","","","","","W37772","10,285","20/12/2023","19/01/2024","","OUT OF PIT:ex pit/f","WI225743/1    XO25FD    36.96t    Fill Sand Will",36.96,10,"","411000","GST on Income",36.96,"","","","","",""
"0403 DARACON","","","","","","","","","","W37772","10,285","20/12/2023","19/01/2024","","OUT OF PIT:ex pit/f","WI225489/1    XO20CL    31.72t    Fill Sand Will",31.72,10,"","411000","GST on Income",31.72,"","","","","",""
"0403 DARACON","","","","","","","","","","W37772","10,285","20/12/2023","19/01/2024","","OUT OF PIT:ex pit/f","WI225745/1    3SNOOP    38.84t    Fill Sand Will",38.84,9.999999999999998,"","411000","GST on Income",38.84,"","","","","",""
"0403 DARACON","","","","","","","","","","W37772","10,285","20/12/2023","19/01/2024","","OUT OF PIT:ex pit/f","WI225490/1    FHE620    37.42t    Fill Sand Will",37.42,10,"","411000","GST on Income",37.42,"","","","","",""
"0403 DARACON","","","","","","","","","","W37772","10,285","20/12/2023","19/01/2024","","OUT OF PIT:ex pit/f","WI225491/1    FHE222    31.38t    Fill Sand Will",31.38,10,"","411000","GST on Income",31.38,"","","","","",""
"0403 DARACON","","","","","","","","","","W37772","10,285","20/12/2023","19/01/2024","","OUT OF PIT:ex pit/f","WI225492/1    FHE610    37.50t    Fill Sand Will",37.5,10,"","411000","GST on Income",37.5,"","","","","",""
"0403 DARACON","","","","","","","","","","W37772","10,285","20/12/2023","19/01/2024","","OUT OF PIT:ex pit/f","WI225748/1    XN15KO    37.38t    Fill Sand Will",37.38,10,"","411000","GST on Income",37.38,"","","","","",""
"0403 DARACON","","","","","","","","","","W37772","10,285","20/12/2023","19/01/2024","","OUT OF PIT:ex pit/f","WI225496/1    XO25FD    37.20t    Fill Sand Will",37.2,10,"","411000","GST on Income",37.2,"","","","","",""
"0403 DARACON","","","","","","","","","","W37772","10,285","20/12/2023","19/01/2024","","OUT OF PIT:ex pit/f","WI225752/1    FHE600    36.76t    Fill Sand Will",36.76,10.000000000000002,"","411000","GST on Income",36.76,"","","","","",""
"0403 DARACON","","","","","","","","","","W37772","10,285","20/12/2023","19/01/2024","","OUT OF PIT:ex pit/f","WI225753/1    FHE480    36.52t    Fill Sand Will",36.52,9.999999999999998,"","411000","GST on Income",36.52,"","","","","",""
"0403 DARACON","","","","","","","","","","W37772","10,285","20/12/2023","19/01/2024","","OUT OF PIT:ex pit/f","WI225499/1    XN15KO    37.26t    Fill Sand Will",37.26,10.000000000000002,"","411000","GST on Income",37.26,"","","","","",""
"0403 DARACON","","","","","","","","","","W37772","10,285","20/12/2023","19/01/2024","","OUT OF PIT:ex pit/f","WI225506/1    XN17JV    32.44t    Fill Sand Will",32.44,10,"","411000","GST on Income",32.44,"","","","","",""
"0403 DARACON","","","","","","","","","","W37772","10,285","20/12/2023","19/01/2024","","OUT OF PIT:ex pit/f","WI225765/1    3SNOOP    38.78t    Fill Sand Will",38.78,10,"","411000","GST on Income",38.78,"","","","","",""
"0403 DARACON","","","","","","","","","","W37772","10,285","20/12/2023","19/01/2024","","OUT OF PIT:ex pit/f","WI225766/1    XO25FD    37.02t    Fill Sand Will",37.02,9.999999999999998,"","411000","GST on Income",37.02,"","","","","",""
"0403 DARACON","","","","","","","","","","W37772","10,285","20/12/2023","19/01/2024","","OUT OF PIT:ex pit/f","WI225769/1    4SNOOP    42.26t    Fill Sand Will",42.26,10.000000000000002,"","411000","GST on Income",42.26,"","","","","",""
"0403 DARACON","","","","","","","","","","W37772","10,285","20/12/2023","19/01/2024","","OUT OF PIT:ex pit/f","WI225771/1    XN15KO    36.96t    Fill Sand Will",36.96,10,"","411000","GST on Income",36.96,"","","","","",""
"0403 DARACON","","","","","","","","","","W37772","10,285","20/12/2023","19/01/2024","","OUT OF PIT:ex pit/f","WI225775/1    FHE600    35.48t    Fill Sand Will",35.48,10.000000000000002,"","411000","GST on Income",35.48,"","","","","",""
"0403 DARACON","","","","","","","","","","W37772","10,285","20/12/2023","19/01/2024","","OUT OF PIT:ex pit/f","WI225776/1    FHE480    36.56t    Fill Sand Will",36.56,10,"","411000","GST on Income",36.56,"","","","","",""
"0403 DARACON","","","","","","","","","","W37772","10,285","20/12/2023","19/01/2024","","OUT OF PIT:ex pit/f","WI225793/1    FHE610    37.36t    Fill Sand Will",37.36,10,"","411000","GST on Income",37.36,"","","","","",""
"0403 DARACON","","","","","","","","","","W37772","10,285","20/12/2023","19/01/2024","","OUT OF PIT:ex pit/f","WI225802/1    4SNOOP    42.00t    Fill Sand Will",42,10,"","411000","GST on Income",42,"","","","","",""
"0403 DARACON","","","","","","","","","","W37772","10,285","20/12/2023","19/01/2024","","OUT OF PIT:ex pit/f","WI225804/1    3SNOOP    39.18t    Fill Sand Will",39.18,10,"","411000","GST on Income",39.18,"","","","","",""
"0403 DARACON","","","","","","","","","","W37772","10,285","20/12/2023","19/01/2024","","OUT OF PIT:ex pit/f","WI225808/1    FHE600    36.18t    Fill Sand Will",36.18,10,"","411000","GST on Income",36.18,"","","","","",""
"0403 DARACON","","","","","","","","","","W37772","10,285","20/12/2023","19/01/2024","","OUT OF PIT:ex pit/f","WI225809/1    FHE480    36.94t    Fill Sand Will",36.94,10,"","411000","GST on Income",36.94,"","","","","",""
"0403 DARACON","","","","","","","","","","W37772","10,285","20/12/2023","19/01/2024","","OUT OF PIT:ex pit/f","WI225810/1    XO25FD    37.02t    Fill Sand Will",37.02,9.999999999999998,"","411000","GST on Income",37.02,"","","","","",""
"0403 DARACON","","","","","","","","","","W37772","10,285","20/12/2023","19/01/2024","","OUT OF PIT:ex pit/f","WI225811/1    XN15KO    37.12t    Fill Sand Will",37.12,10,"","411000","GST on Income",37.12,"","","","","",""
"0403 DARACON","","","","","","","","","","W37772","10,285","20/12/2023","19/01/2024","","OUT OF PIT:ex pit/f","WI225573/1    FHE222    31.12t    Fill Sand Will",31.12,10,"","411000","GST on Income",31.12,"","","","","",""
"0403 DARACON","","","","","","","","","","W37772","10,285","20/12/2023","19/01/2024","","OUT OF PIT:ex pit/f","WI225574/1    XO25FD    36.80t    Fill Sand Will",36.8,10,"","411000","GST on Income",36.8,"","","","","",""
"0403 DARACON","","","","","","","","","","W37772","10,285","20/12/2023","19/01/2024","","OUT OF PIT:ex pit/f","WI225575/1    FHE610    37.00t    Fill Sand Will",37,10,"","411000","GST on Income",37,"","","","","",""
"0403 DARACON","","","","","","","","","","W37772","10,285","20/12/2023","19/01/2024","","OUT OF PIT:ex pit/f","WI225579/1    3SNOOP    38.48t    Fill Sand Will",38.48,10.000000000000002,"","411000","GST on Income",38.48,"","","","","",""
"0403 DARACON","","","","","","","","","","W37772","10,285","20/12/2023","19/01/2024","","OUT OF PIT:ex pit/f","WI225585/1    FHE620    38.34t    Fill Sand Will",38.34,9.999999999999998,"","411000","GST on Income",38.34,"","","","","",""
"0403 DARACON","","","","","","","","","","W37772","10,285","20/12/2023","19/01/2024","","OUT OF PIT:ex pit/f","WI225586/1    FHE480    37.18t    Fill Sand Will",37.18,10,"","411000","GST on Income",37.18,"","","","","",""
"0403 DARACON","","","","","","","","","","W37772","10,285","20/12/2023","19/01/2024","","OUT OF PIT:ex pit/f","WI225595/1    FHE222    31.24t    Fill Sand Will",31.24,10,"","411000","GST on Income",31.24,"","","","","",""
"0403 DARACON","","","","","","","","","","W37772","10,285","20/12/2023","19/01/2024","","OUT OF PIT:ex pit/f","WI225596/1    XO25FD    37.10t    Fill Sand Will",37.1,10,"","411000","GST on Income",37.1,"","","","","",""
"0403 DARACON","","","","","","","","","","W37772","10,285","20/12/2023","19/01/2024","","OUT OF PIT:ex pit/f","WI225599/1    FHE610    37.36t    Fill Sand Will",37.36,10,"","411000","GST on Income",37.36,"","","","","",""
"0403 DARACON","","","","","","","","","","W37772","10,285","20/12/2023","19/01/2024","","OUT OF PIT:ex pit/f","WI225605/1    4SNOOP    42.24t    Fill Sand Will",42.24,9.999999999999998,"","411000","GST on Income",42.24,"","","","","",""
"0403 DARACON","","","","","","","","","","W37772","10,285","20/12/2023","19/01/2024","","OUT OF PIT:ex pit/f","WI225606/1    3SNOOP    38.30t    Fill Sand Will",38.3,10,"","411000","GST on Income",38.3,"","","","","",""
"0403 DARACON","","","","","","","","","","W37772","10,285","20/12/2023","19/01/2024","","OUT OF PIT:ex pit/f","WI225616/1    XN15KO    37.06t    Fill Sand Will",37.06,10,"","411000","GST on Income",37.06,"","","","","",""
"0403 DARACON","","","","","","","","","","W37772","10,285","20/12/2023","19/01/2024","","OUT OF PIT:ex pit/f","WI225872/1    XN15KO    36.60t    Fill Sand Will",36.6,10,"","411000","GST on Income",36.6,"","","","","",""
"0403 DARACON","","","","","","","","","","W37772","10,285","20/12/2023","19/01/2024","","OUT OF PIT:ex pit/f","WI225876/1    XO25FD    37.26t    Fill Sand Will",37.26,10.000000000000002,"","411000","GST on Income",37.26,"","","","","",""
"0403 DARACON","","","","","","","","","","W37772","10,285","20/12/2023","19/01/2024","","OUT OF PIT:ex pit/f","WI225621/1    FHE620    37.80t    Fill Sand Will",37.8,10,"","411000","GST on Income",37.8,"","","","","",""
"0403 DARACON","","","","","","","","","","W37772","10,285","20/12/2023","19/01/2024","","OUT OF PIT:ex pit/f","WI225877/1    3SNOOP    38.60t    Fill Sand Will",38.6,10,"","411000","GST on Income",38.6,"","","","","",""
"0403 DARACON","","","","","","","","","","W37772","10,285","20/12/2023","19/01/2024","","OUT OF PIT:ex pit/f","WI225622/1    FHE480    37.24t    Fill Sand Will",37.24,9.999999999999998,"","411000","GST on Income",37.24,"","","","","",""
"0403 DARACON","","","","","","","","","","W37772","10,285","20/12/2023","19/01/2024","","OUT OF PIT:ex pit/f","WI225879/1    FHE620    37.92t    Fill Sand Will",37.92,10,"","411000","GST on Income",37.92,"","","","","",""
"0403 DARACON","","","","","","","","","","W37772","10,285","20/12/2023","19/01/2024","","OUT OF PIT:ex pit/f","WI225628/1    FHE222    31.50t    Fill Sand Will",31.5,10,"","411000","GST on Income",31.5,"","","","","",""
"0403 DARACON","","","","","","","","","","W37772","10,285","20/12/2023","19/01/2024","","OUT OF PIT:ex pit/f","WI225884/1    FHE600    35.92t    Fill Sand Will",35.92,10,"","411000","GST on Income",35.92,"","","","","",""
"0403 DARACON","","","","","","","","","","W37772","10,285","20/12/2023","19/01/2024","","OUT OF PIT:ex pit/f","WI225629/1    FHE610    37.40t    Fill Sand Will",37.4,10,"","411000","GST on Income",37.4,"","","","","",""
"0403 DARACON","","","","","","","","","","W37772","10,285","20/12/2023","19/01/2024","","OUT OF PIT:ex pit/f","WI225633/1    XO25FD    36.64t    Fill Sand Will",36.64,10,"","411000","GST on Income",36.64,"","","","","",""
"0403 DARACON","","","","","","","","","","W37772","10,285","20/12/2023","19/01/2024","","OUT OF PIT:ex pit/f","WI225889/1    FHE610    37.40t    Fill Sand Will",37.4,10,"","411000","GST on Income",37.4,"","","","","",""
"0403 DARACON","","","","","","","","","","W37772","10,285","20/12/2023","19/01/2024","","OUT OF PIT:ex pit/f","WI225634/1    3SNOOP    39.10t    Fill Sand Will",39.1,10,"","411000","GST on Income",39.1,"","","","","",""
"0403 DARACON","","","","","","","","","","W37772","10,285","20/12/2023","19/01/2024","","OUT OF PIT:ex pit/f","WI225635/1    XN15KO    36.94t    Fill Sand Will",36.94,10,"","411000","GST on Income",36.94,"","","","","",""
"0403 DARACON","","","","","","","","","","W37772","10,285","20/12/2023","19/01/2024","","OUT OF PIT:ex pit/f","WI225892/1    FHE480    37.10t    Fill Sand Will",37.1,10,"","411000","GST on Income",37.1,"","","","","",""
"0403 DARACON","","","","","","","","","","W37772","10,285","20/12/2023","19/01/2024","","OUT OF PIT:ex pit/f","WI225893/1    XN15KO    37.02t    Fill Sand Will",37.02,9.999999999999998,"","411000","GST on Income",37.02,"","","","","",""
"0403 DARACON","","","","","","","","","","W37772","10,285","20/12/2023","19/01/2024","","OUT OF PIT:ex pit/f","WI225904/1    XO25FD    36.84t    Fill Sand Will",36.84,9.999999999999998,"","411000","GST on Income",36.84,"","","","","",""
"0403 DARACON","","","","","","","","","","W37772","10,285","20/12/2023","19/01/2024","","OUT OF PIT:ex pit/f","WI225907/1    3SNOOP    38.56t    Fill Sand Will",38.56,10,"","411000","GST on Income",38.56,"","","","","",""
"0403 DARACON","","","","","","","","","","W37772","10,285","20/12/2023","19/01/2024","","OUT OF PIT:ex pit/f","WI225908/1    FHE620    37.60t    Fill Sand Will",37.6,10,"","411000","GST on Income",37.6,"","","","","",""
"4000 MACKAS SAND","","","","","","","","","","W37773","10,286","20/12/2023","19/01/2024","","OUT OF PIT:ex pit/f","WI225999/1    MAD90H    50.82t    Ex MS Fill Sand - Grafil",50.82,10,"","411000","GST on Income",50.82,"","","","","",""
"4000 MACKAS SAND","","","","","","","","","","W37773","10,286","20/12/2023","19/01/2024","","OUT OF PIT:ex pit/f","WI226000/1    XN04YY    38.28t    Ex MS Fill Sand - Grafil",38.28,10,"","411000","GST on Income",38.28,"","","","","",""
"4000 MACKAS SAND","","","","","","","","","","W37773","10,286","20/12/2023","19/01/2024","","OUT OF PIT:ex pit/f","WI226005/1    3SNOOP    38.34t    Ex MS Fill Sand - Grafil",38.34,9.999999999999998,"","411000","GST on Income",38.34,"","","","","",""
"4000 MACKAS SAND","","","","","","","","","","W37773","10,286","20/12/2023","19/01/2024","","OUT OF PIT:ex pit/f","WI226009/1    CP90QH    37.36t    Ex MS Fill Sand - Grafil",37.36,10,"","411000","GST on Income",37.36,"","","","","",""
"4000 MACKAS SAND","","","","","","","","","","W37773","10,286","20/12/2023","19/01/2024","","OUT OF PIT:ex pit/f","WI226010/1    MAD90H    50.32t    Ex MS Fill Sand - Grafil",50.32,10,"","411000","GST on Income",50.32,"","","","","",""
"4000 MACKAS SAND","","","","","","","","","","W37773","10,286","20/12/2023","19/01/2024","","OUT OF PIT:ex pit/f","WI226015/1    XN04YY    36.72t    Ex MS Fill Sand - Grafil",36.72,10,"","411000","GST on Income",36.72,"","","","","",""
"4000 MACKAS SAND","","","","","","","","","","W37773","10,286","20/12/2023","19/01/2024","","OUT OF PIT:ex pit/f","WI226022/1    XN39KW    35.50t    Ex MS Fill Sand - Grafil",35.5,10,"","411000","GST on Income",35.5,"","","","","",""
"4000 MACKAS SAND","","","","","","","","","","W37773","10,286","20/12/2023","19/01/2024","","OUT OF PIT:ex pit/f","WI226025/1    3SNOOP    38.50t    Ex MS Fill Sand - Grafil",38.5,10,"","411000","GST on Income",38.5,"","","","","",""
"4000 MACKAS SAND","","","","","","","","","","W37773","10,286","20/12/2023","19/01/2024","","OUT OF PIT:ex pit/f","WI226031/1    CP90QH    36.74t    Ex MS Fill Sand - Grafil",36.74,9.999999999999998,"","411000","GST on Income",36.74,"","","","","",""
"4000 MACKAS SAND","","","","","","","","","","W37773","10,286","20/12/2023","19/01/2024","","OUT OF PIT:ex pit/f","WI226037/1    404DJW    31.84t    Ex MS Fill Sand - Grafil",31.84,10,"","411000","GST on Income",31.84,"","","","","",""
"4000 MACKAS SAND","","","","","","","","","","W37773","10,286","20/12/2023","19/01/2024","","OUT OF PIT:ex pit/f","WI226040/1    XN04YY    36.76t    Ex MS Fill Sand - Grafil",36.76,10.000000000000002,"","411000","GST on Income",36.76,"","","","","",""
"4000 MACKAS SAND","","","","","","","","","","W37773","10,286","20/12/2023","19/01/2024","","OUT OF PIT:ex pit/f","WI226042/1    4SNOOP    41.62t    Ex MS Fill Sand - Grafil",41.62,10,"","411000","GST on Income",41.62,"","","","","",""
"4000 MACKAS SAND","","","","","","","","","","W37773","10,286","20/12/2023","19/01/2024","","OUT OF PIT:ex pit/f","WI226044/1    XN39KW    34.82t    Ex MS Fill Sand - Grafil",34.82,10,"","411000","GST on Income",34.82,"","","","","",""
"4000 MACKAS SAND","","","","","","","","","","W37773","10,286","20/12/2023","19/01/2024","","OUT OF PIT:ex pit/f","WI226045/1    3SNOOP    38.56t    Ex MS Fill Sand - Grafil",38.56,10,"","411000","GST on Income",38.56,"","","","","",""
"4000 MACKAS SAND","","","","","","","","","","W37773","10,286","20/12/2023","19/01/2024","","OUT OF PIT:ex pit/f","WI226048/1    CP90QH    37.60t    Ex MS Fill Sand - Grafil",37.6,10,"","411000","GST on Income",37.6,"","","","","",""
"4000 MACKAS SAND","","","","","","","","","","W37773","10,286","20/12/2023","19/01/2024","","OUT OF PIT:ex pit/f","WI226050/1    404DJW    31.80t    Ex MS Fill Sand - Grafil",31.8,10,"","411000","GST on Income",31.8,"","","","","",""
"4000 MACKAS SAND","","","","","","","","","","W37773","10,286","20/12/2023","19/01/2024","","OUT OF PIT:ex pit/f","WI226051/1    XN04YY    36.70t    Ex MS Fill Sand - Grafil",36.7,10,"","411000","GST on Income",36.7,"","","","","",""
"4000 MACKAS SAND","","","","","","","","","","W37773","10,286","20/12/2023","19/01/2024","","OUT OF PIT:ex pit/f","WI226055/1    4SNOOP    42.18t    Ex MS Fill Sand - Grafil",42.18,10,"","411000","GST on Income",42.18,"","","","","",""
"4000 MACKAS SAND","","","","","","","","","","W37773","10,286","20/12/2023","19/01/2024","","OUT OF PIT:ex pit/f","WI226056/1    3SNOOP    38.16t    Ex MS Fill Sand - Grafil",38.16,10.000000000000002,"","411000","GST on Income",38.16,"","","","","",""
"4000 MACKAS SAND","","","","","","","","","","W37773","10,286","20/12/2023","19/01/2024","","OUT OF PIT:ex pit/f","WI226061/1    XN39KW    35.16t    Ex MS Fill Sand - Grafil",35.16,10.000000000000002,"","411000","GST on Income",35.16,"","","","","",""
"4000 MACKAS SAND","","","","","","","","","","W37773","10,286","20/12/2023","19/01/2024","","OUT OF PIT:ex pit/f","WI226063/1    XN04YY    34.26t    Ex MS Fill Sand - Grafil",34.26,10.000000000000002,"","411000","GST on Income",34.26,"","","","","",""
"4000 MACKAS SAND","","","","","","","","","","W37773","10,286","20/12/2023","19/01/2024","","OUT OF PIT:ex pit/f","WI226066/1    3SNOOP    38.34t    Ex MS Fill Sand - Grafil",38.34,9.999999999999998,"","411000","GST on Income",38.34,"","","","","",""
"4000 MACKAS SAND","","","","","","","","","","W37773","10,286","20/12/2023","19/01/2024","","OUT OF PIT:ex pit/f","WI226069/1    XN39KW    34.96t    Ex MS Fill Sand - Grafil",34.96,10,"","411000","GST on Income",34.96,"","","","","",""
"1302 MACKA'S SAND & SOIL SUPPLIES","","","","","","","","","","M37800","10,304","31/12/2023","30/01/2024","","OUT OF PIT:ex pit/f","Dec 2023 - Quantity 69,221.37",69221.37,10,"","411000","GST on Income",69221.37,"","","","","",""
"0300 Cash Sales - COD","","","","","","","","","","W37797","10,290","07/01/2024","07/01/2024","","OUT OF PIT:ex pit/f","WI226294/1    CP90QH    36.54t    Fill Sand Will - Delivered by Robert to Campvale",36.54,18,"","411000","GST on Income",65.77,"","","","","",""
"1302 MACKA'S SAND & SOIL SUPPLIES","","","","","","","","","","M37801","10,313","31/01/2024","01/03/2024","","OUT OF PIT:ex pit/f","Jan 2024 - 58,141.40t Sand",58141.4,10,"","411000","GST on Income",58141.4,"","","","","",""
"0300 Cash Sales - COD","","","","","","","","","","W37987","10,325","17/02/2024","17/02/2024","","OUT OF PIT:ex pit/f","SI170442/1    CP90QH    14.32t    Fill Sand S/Ash",14.32,9.999999999999998,"","411000","GST on Income",14.32,"","","","","",""
"0300 Cash Sales - COD","","","","","","","","","","W37987","10,325","17/02/2024","17/02/2024","","OUT OF PIT:ex pit/f","SI170443/1    CP90QH    13.40t    Fill Sand S/Ash",13.4,10,"","411000","GST on Income",13.4,"","","","","",""
"0300 Cash Sales - COD","","","","","","","","","","W37987","10,325","17/02/2024","17/02/2024","","OUT OF PIT:ex pit/f","SI170445/1    CP90QH    13.42t    Fill Sand S/Ash",13.42,10,"","411000","GST on Income",13.42,"","","","","",""
"0300 Cash Sales - COD","","","","","","","","","","W37987","10,325","17/02/2024","17/02/2024","","OUT OF PIT:ex pit/f","SI170447/1    CP90QH    13.96t    Fill Sand S/Ash",13.96,9.999999999999998,"","411000","GST on Income",13.96,"","","","","",""
"0300 Cash Sales - COD","","","","","","","","","","W37987","10,325","17/02/2024","17/02/2024","","OUT OF PIT:ex pit/f","SI170449/1    CP90QH    13.24t    Fill Sand S/Ash",13.24,10,"","411000","GST on Income",13.24,"","","","","",""
"0300 Cash Sales - COD","","","","","","","","","","W37987","10,325","17/02/2024","17/02/2024","","OUT OF PIT:ex pit/f","SI170450/1    CP90QH    12.24t    Fill Sand S/Ash",12.24,10,"","411000","GST on Income",12.24,"","","","","",""
"0300 Cash Sales - COD","","","","","","","","","","W37987","10,325","17/02/2024","17/02/2024","","OUT OF PIT:ex pit/f","SI170452/1    CP90QH    13.08t    Fill Sand S/Ash",13.08,10,"","411000","GST on Income",13.08,"","","","","",""
"0300 Cash Sales - COD","","","","","","","","","","W37987","10,325","17/02/2024","17/02/2024","","OUT OF PIT:ex pit/f","SI170454/1    XN04YY    12.30t    Fill Sand S/Ash",12.3,10,"","411000","GST on Income",12.3,"","","","","",""
"0300 Cash Sales - COD","","","","","","","","","","W37987","10,325","17/02/2024","17/02/2024","","OUT OF PIT:ex pit/f","SI170455/1    CP90QH    13.04t    Fill Sand S/Ash",13.04,10.000000000000002,"","411000","GST on Income",13.04,"","","","","",""
"0300 Cash Sales - COD","","","","","","","","","","W37987","10,325","17/02/2024","17/02/2024","","OUT OF PIT:ex pit/f","SI170457/1    XN04YY    11.44t    Fill Sand S/Ash",11.44,10.000000000000002,"","411000","GST on Income",11.44,"","","","","",""
"0300 Cash Sales - COD","","","","","","","","","","W37987","10,325","17/02/2024","17/02/2024","","OUT OF PIT:ex pit/f","SI170460/1    XN04YY    12.44t    Fill Sand S/Ash",12.44,10,"","411000","GST on Income",12.44,"","","","","",""
"0300 Cash Sales - COD","","","","","","","","","","W37987","10,325","17/02/2024","17/02/2024","","OUT OF PIT:ex pit/f","SI170469/1    CB55FE    14.72t    Fill Sand S/Ash",14.72,9.999999999999998,"","411000","GST on Income",14.72,"","","","","",""
"0300 Cash Sales - COD","","","","","","","","","","W37987","10,325","17/02/2024","17/02/2024","","OUT OF PIT:ex pit/f","SI170471/1    CB55FE    12.88t    Fill Sand S/Ash",12.88,10,"","411000","GST on Income",12.88,"","","","","",""
"0300 Cash Sales - COD","","","","","","","","","","W37987","10,325","17/02/2024","17/02/2024","","OUT OF PIT:ex pit/f","SI170472/1    XN04YY    13.68t    Fill Sand S/Ash",13.68,10.000000000000002,"","411000","GST on Income",13.68,"","","","","",""
"0300 Cash Sales - COD","","","","","","","","","","W37987","10,325","17/02/2024","17/02/2024","","OUT OF PIT:ex pit/f","SI170473/1    CB55FE    12.18t    Fill Sand S/Ash",12.18,10,"","411000","GST on Income",12.18,"","","","","",""
"0300 Cash Sales - COD","","","","","","","","","","W37986","10,326","17/02/2024","17/02/2024","","OUT OF PIT:ex pit/f","SI170441/1    CB55FE    11.78t    Fill Sand Will",11.78,10,"","411000","GST on Income",11.78,"","","","","",""
"0300 Cash Sales - COD","","","","","","","","","","W37986","10,326","17/02/2024","17/02/2024","","OUT OF PIT:ex pit/f","SI170444/1    CB55FE    12.38t    Fill Sand Will",12.38,10,"","411000","GST on Income",12.38,"","","","","",""
"0300 Cash Sales - COD","","","","","","","","","","W37986","10,326","17/02/2024","17/02/2024","","OUT OF PIT:ex pit/f","SI170446/1    CB55FE    13.46t    Fill Sand Will",13.46,9.999999999999998,"","411000","GST on Income",13.46,"","","","","",""
"0300 Cash Sales - COD","","","","","","","","","","W37986","10,326","17/02/2024","17/02/2024","","OUT OF PIT:ex pit/f","SI170448/1    CB55FE    13.72t    Fill Sand Will",13.72,9.999999999999998,"","411000","GST on Income",13.72,"","","","","",""
"0300 Cash Sales - COD","","","","","","","","","","W37986","10,326","17/02/2024","17/02/2024","","OUT OF PIT:ex pit/f","SI170451/1    CB55FE    13.70t    Fill Sand Will",13.7,10,"","411000","GST on Income",13.7,"","","","","",""
"0300 Cash Sales - COD","","","","","","","","","","W37986","10,326","17/02/2024","17/02/2024","","OUT OF PIT:ex pit/f","SI170453/1    CB55XY    12.96t    Fill Sand Will",12.96,9.999999999999998,"","411000","GST on Income",12.96,"","","","","",""
"0300 Cash Sales - COD","","","","","","","","","","W37986","10,326","17/02/2024","17/02/2024","","OUT OF PIT:ex pit/f","SI170456/1    CB55FE    12.84t    Fill Sand Will",12.84,10,"","411000","GST on Income",12.84,"","","","","",""
"0300 Cash Sales - COD","","","","","","","","","","W37986","10,326","17/02/2024","17/02/2024","","OUT OF PIT:ex pit/f","SI170458/1    CB55FE    12.08t    Fill Sand Will",12.08,10,"","411000","GST on Income",12.08,"","","","","",""
"0300 Cash Sales - COD","","","","","","","","","","W37986","10,326","17/02/2024","17/02/2024","","OUT OF PIT:ex pit/f","SI170459/1    CB55FE    13.38t    Fill Sand Will",13.38,10,"","411000","GST on Income",13.38,"","","","","",""
"0300 Cash Sales - COD","","","","","","","","","","W37986","10,326","17/02/2024","17/02/2024","","OUT OF PIT:ex pit/f","SI170462/1    CB55FE    12.82t    Fill Sand Will",12.82,9.999999999999998,"","411000","GST on Income",12.82,"","","","","",""
"0300 Cash Sales - COD","","","","","","","","","","W37986","10,326","17/02/2024","17/02/2024","","OUT OF PIT:ex pit/f","SI170463/1    CB55FE    13.40t    Fill Sand Will",13.4,10,"","411000","GST on Income",13.4,"","","","","",""
"0300 Cash Sales - COD","","","","","","","","","","W37986","10,326","17/02/2024","17/02/2024","","OUT OF PIT:ex pit/f","SI170464/1    CB55FE    12.62t    Fill Sand Will",12.62,10,"","411000","GST on Income",12.62,"","","","","",""
"0300 Cash Sales - COD","","","","","","","","","","W37986","10,326","17/02/2024","17/02/2024","","OUT OF PIT:ex pit/f","SI170465/1    CB55FE    13.50t    Fill Sand Will",13.5,10,"","411000","GST on Income",13.5,"","","","","",""
"0300 Cash Sales - COD","","","","","","","","","","W37986","10,326","17/02/2024","17/02/2024","","OUT OF PIT:ex pit/f","SI170466/1    CB55FE    12.68t    Fill Sand Will",12.68,10,"","411000","GST on Income",12.68,"","","","","",""
"0300 Cash Sales - COD","","","","","","","","","","W37986","10,326","17/02/2024","17/02/2024","","OUT OF PIT:ex pit/f","SI170467/1    CB55FE    13.28t    Fill Sand Will",13.28,10.000000000000002,"","411000","GST on Income",13.28,"","","","","",""
"0300 Cash Sales - COD","","","","","","","","","","W37986","10,326","17/02/2024","17/02/2024","","OUT OF PIT:ex pit/f","SI170468/1    CB55FE    14.12t    Fill Sand Will",14.12,10,"","411000","GST on Income",14.12,"","","","","",""
"0300 Cash Sales - COD","","","","","","","","","","W38029","10,328","29/02/2024","29/02/2024","","OUT OF PIT:ex pit/f","WI229076/1    X050IJ    11.16t    Fill Sand - Collected Ex Williamtown",11.16,10,"","411000","GST on Income",11.16,"","","","","",""
"0300 Cash Sales - COD","","","","","","","","","","W38029","10,328","29/02/2024","29/02/2024","","OUT OF PIT:ex pit/f","WI229086/1    X050IJ    11.00t    Fill Sand - Collected Ex Williamtown",11,10,"","411000","GST on Income",11,"","","","","",""
"1302 MACKA'S SAND & SOIL SUPPLIES","","","","","","","","","","W38028","10,329","29/02/2024","30/03/2024","","OUT OF PIT:ex pit/f","WI229609/1    XN69NV    28.10t    Fill Sand Will",28.1,10,"","411000","GST on Income",28.1,"","","","","",""
"1302 MACKA'S SAND & SOIL SUPPLIES","","","","","","","","","","M38031","10,377","29/02/2024","30/03/2024","","OUT OF PIT:ex pit/f","Feb 2024 - Total Quantity 74,704.26",74704.26,10,"","411000","GST on Income",74704.26,"","","","","",""
"0300 Cash Sales - COD","","","","","","","","","","W38030","10,375","10/03/2024","10/03/2024","","OUT OF PIT:ex pit/f","WI230027/1    CP90QH    35.92t    Fill Sand Will",35.92,22,"","411000","GST on Income",79.02,"","","","","",""
"0300 Cash Sales - COD","","","","","","","","","","W38030","10,375","10/03/2024","10/03/2024","","OUT OF PIT:ex pit/f","WI230056/1    CP90QH    37.58t    Fill Sand Will",37.58,22,"","411000","GST on Income",82.68,"","","","","",""
"0300 Cash Sales - COD","","","","","","","","","","W38030","10,375","10/03/2024","10/03/2024","","OUT OF PIT:ex pit/f","WI230080/1    CP90QH    37.96t    Fill Sand Will",37.96,22,"","411000","GST on Income",83.51,"","","","","",""
"0300 Cash Sales - COD","","","","","","","","","","W38030","10,375","10/03/2024","10/03/2024","","OUT OF PIT:ex pit/f","WI230123/1    CP90QH    37.92t    Fill Sand Will",37.92,22,"","411000","GST on Income",83.42,"","","","","",""
"1302 MACKA'S SAND & SOIL SUPPLIES","","","","","","","","","","M38032","10,378","31/03/2024","30/04/2024","","OUT OF PIT:ex pit/f","MArch 2024 - total quantity 75,850.73",75850.73,10.000000000000002,"","411000","GST on Income",75850.73,"","","","","",""
"1302 MACKA'S SAND & SOIL SUPPLIES","","","","","","","","","","M38034","10,390","30/04/2024","30/05/2024","","OUT OF PIT:ex pit/f","April 2024 -l quantity 66,512.98",66512.98,10.000000000000002,"","411000","GST on Income",66512.98,"","","","","",""
"0300 Cash Sales - COD","","","","","","","","","","M38035","10,401","14/05/2024","14/05/2024","","expitfill/ceh","WI234090/1    CP90QH     12.52t    Fill Sand - Delivered to Williamtown RAAF Base",12.52,25,"","411000","GST on Income",31.3,"","","","","",""
"1302 MACKA'S SAND & SOIL","","","","","","","","","","W38315","10,409","14/05/2024","13/06/2024","","OUT OF PIT:ex pit/f","WI234090/1    CP90QH    12.52t    Fill Sand Will - delivered to RAAF Base Williamtown",12.52,10,"","411000","GST on Income",12.52,"","","","","",""
"1350 MILLEEN CONSTRUCTIONS PTY LTD","","","","","","","","","","W38412","10,412","30/05/2024","29/06/2024","","OUT OF PIT:ex pit/f","WI234883/1    CP90QH    37.82t    Fill Sand Will",37.82,28.499999999999996,"","411000","GST on Income",107.79,"","","","","",""
"1350 MILLEEN CONSTRUCTIONS PTY LTD","","","","","","","","","","W38412","10,412","30/05/2024","29/06/2024","","OUT OF PIT:ex pit/f","WI234884/1    XN39KW    35.12t    Fill Sand Will",35.12,28.5,"","411000","GST on Income",100.09,"","","","","",""
"1350 MILLEEN CONSTRUCTIONS PTY LTD","","","","","","","","","","W38412","10,412","30/05/2024","29/06/2024","","OUT OF PIT:ex pit/f","WI234864/1    CP90QH    37.64t    Fill Sand Will",37.64,28.5,"","411000","GST on Income",107.27,"","","","","",""
"1350 MILLEEN CONSTRUCTIONS PTY LTD","","","","","","","","","","W38412","10,412","30/05/2024","29/06/2024","","OUT OF PIT:ex pit/f","WI234865/1    XN39KW    34.72t    Fill Sand Will",34.72,28.5,"","411000","GST on Income",98.95,"","","","","",""
"1302 MACKA'S SAND & SOIL SUPPLIES","","","","","","","","","","M38582","10,439","31/05/2024","30/06/2024","","OUT OF PIT:ex pit/f","May 2024 - 71,891.19 tonne",71891.19,10,"","411000","GST on Income",71891.19,"","","","","",""
"1350 MILLEEN CONSTRUCTIONS PTY LTD","","","","","","","","","","W38537","10,424","18/06/2024","18/07/2024","","OUT OF PIT:ex pit/f","WI236257/1    XN39KW    34.96t    Fill Sand Will - Delivered to Infrabuild Mayfield - PO # 24529",34.96,28.5,"","411000","GST on Income",99.64,"","","","","",""
"1350 MILLEEN CONSTRUCTIONS PTY LTD","","","","","","","","","","W38537","10,424","18/06/2024","18/07/2024","","OUT OF PIT:ex pit/f","WI235890/1    XO32CQ    38.08t    Fill Sand Will - Delivered to Incitec Pivot, 39 Heran Road Koo...",38.08,28.5,"","411000","GST on Income",108.53,"","","","","",""
"1302 MACKA'S SAND & SOIL","","","","","","","","","","W38538","10,425","30/06/2024","30/06/2024","","OUT OF PIT:ex pit/f","SI170642/2    XO07LC    7.58t    Fill Sand S/Ash - Farm Usage",7.58,20,"","411000","GST on Income",15.16,"","","","","",""
"1302 MACKA'S SAND & SOIL","","","","","","","","","","W38538","10,425","30/06/2024","30/06/2024","","OUT OF PIT:ex pit/f","SI170643/4    XO07LC    7.36t    Fill Sand S/Ash - Farm Usage",7.36,19.999999999999996,"","411000","GST on Income",14.72,"","","","","",""
"1302 MACKA'S SAND & SOIL","","","","","","","","","","W38538","10,425","30/06/2024","30/06/2024","","OUT OF PIT:ex pit/f","SI170644/3    XO07LC    7.34t    Fill Sand S/Ash - Farm Usage",7.34,20.000000000000004,"","411000","GST on Income",14.68,"","","","","",""
"1302 MACKA'S SAND & SOIL","","","","","","","","","","W38538","10,425","30/06/2024","30/06/2024","","OUT OF PIT:ex pit/f","SI170640/1    XO07LC    7.96t    Fill Sand S/Ash - Farm Usage",7.96,20,"","411000","GST on Income",15.92,"","","","","",""
"1302 MACKA'S SAND & SOIL","","","","","","","","","","W38538","10,425","30/06/2024","30/06/2024","","OUT OF PIT:ex pit/f","XO07LC   9.55t 20mm Gravel - Farm Usage",9.55,54.99999999999999,"","411000","GST on Income",52.53,"","","","","",""
"1302 MACKA'S SAND & SOIL","","","","","","","","","","W38538","10,425","30/06/2024","30/06/2024","","OUT OF PIT:ex pit/f","XO07LC   9.60t 20mm Gravel - Farm Usage",9.6,55,"","411000","GST on Income",52.8,"","","","","",""
"1302 MACKA'S SAND & SOIL","","","","","","","","","","W38538","10,425","30/06/2024","30/06/2024","","OUT OF PIT:ex pit/f","XO07LC   9.10t Roadbase - Farm Usage",9.1,42,"","411000","GST on Income",38.22,"","","","","",""
"1302 MACKA'S SAND & SOIL","","","","","","","","","","W38538","10,425","30/06/2024","30/06/2024","","OUT OF PIT:ex pit/f","XO07LC   9.20t Roadbase - Farm Usage",9.2,42,"","411000","GST on Income",38.64,"","","","","",""
"1302 MACKA'S SAND & SOIL","","","","","","","","","","W38538","10,425","30/06/2024","30/06/2024","","OUT OF PIT:ex pit/road b","4.85t Roadbase - Collected - Farm Usage",4.85,42,"","411000","GST on Income",20.37,"","","","","",""
"1302 MACKA'S SAND & SOIL","","","","","","","","","","W38538","10,425","30/06/2024","30/06/2024","","OUT OF PIT:ex pit/road b","3t Roadbase - Collected - Farm Usage",3,42,"","411000","GST on Income",12.6,"","","","","",""
"1302 MACKA'S SAND & SOIL","","","","","","","","","","W38579","10,432","30/06/2024","30/07/2024","","OUT OF PIT:ex pit/f","WI236611/2    SOILS    26.48t    Ex MS Fill Sand - Grafil",26.48,10,"","411000","GST on Income",26.48,"","","","","",""
"1302 MACKA'S SAND & SOIL","","","","","","","","","","W38579","10,432","30/06/2024","30/07/2024","","OUT OF PIT:ex pit/f","WI236629/2    SOILS    26.80t    Ex MS Fill Sand - Grafil",26.8,10,"","411000","GST on Income",26.8,"","","","","",""
"1302 MACKA'S SAND & SOIL","","","","","","","","","","W38579","10,432","30/06/2024","30/07/2024","","OUT OF PIT:ex pit/f","WI236639/2    SOILS    27.20t    Ex MS Fill Sand - Grafil",27.2,10,"","411000","GST on Income",27.2,"","","","","",""
"1302 MACKA'S SAND & SOIL","","","","","","","","","","W38579","10,432","30/06/2024","30/07/2024","","OUT OF PIT:ex pit/f","WI236681/2    SOILS    27.12t    Ex MS Fill Sand - Grafil",27.12,10,"","411000","GST on Income",27.12,"","","","","",""
"1302 MACKA'S SAND & SOIL","","","","","","","","","","W38579","10,432","30/06/2024","30/07/2024","","OUT OF PIT:ex pit/f","WI236692/2    SOILS    27.26t    Ex MS Fill Sand - Grafil",27.26,10,"","411000","GST on Income",27.26,"","","","","",""
"1302 MACKA'S SAND & SOIL","","","","","","","","","","W38579","10,432","30/06/2024","30/07/2024","","OUT OF PIT:ex pit/f","WI236708/2    SOILS    27.06t    Ex MS Fill Sand - Grafil",27.06,10.000000000000002,"","411000","GST on Income",27.06,"","","","","",""
"1302 MACKA'S SAND & SOIL","","","","","","","","","","W38579","10,432","30/06/2024","30/07/2024","","OUT OF PIT:ex pit/f","WI236876/2    SOILS    27.32t    Ex MS Fill Sand - Grafil",27.32,10,"","411000","GST on Income",27.32,"","","","","",""
"1302 MACKA'S SAND & SOIL","","","","","","","","","","W38579","10,432","30/06/2024","30/07/2024","","OUT OF PIT:ex pit/f","WI236892/2    SOILS    27.70t    Ex MS Fill Sand - Grafil",27.7,10,"","411000","GST on Income",27.7,"","","","","",""
"1302 MACKA'S SAND & SOIL","","","","","","","","","","W38579","10,432","30/06/2024","30/07/2024","","OUT OF PIT:ex pit/f","WI236975/2    SOILS    27.24t    Ex MS Fill Sand - Grafil",27.24,10,"","411000","GST on Income",27.24,"","","","","",""
"1302 MACKA'S SAND & SOIL","","","","","","","","","","W38579","10,432","30/06/2024","30/07/2024","","OUT OF PIT:ex pit/f","WI236991/2    SOILS    27.52t    Ex MS Fill Sand - Grafil",27.52,10,"","411000","GST on Income",27.52,"","","","","",""
"1302 MACKA'S SAND & SOIL","","","","","","","","","","W38579","10,432","30/06/2024","30/07/2024","","OUT OF PIT:ex pit/f","WI236774/2    SOILS    27.40t    Ex MS Fill Sand - Grafil",27.4,10,"","411000","GST on Income",27.4,"","","","","",""
"1302 MACKA'S SAND & SOIL","","","","","","","","","","W38579","10,432","30/06/2024","30/07/2024","","OUT OF PIT:ex pit/f","WI236790/2    SOILS    27.18t    Ex MS Fill Sand - Grafil",27.18,10,"","411000","GST on Income",27.18,"","","","","",""
"1302 MACKA'S SAND & SOIL","","","","","","","","","","W38579","10,432","30/06/2024","30/07/2024","","OUT OF PIT:ex pit/f","WI236803/2    SOILS    27.26t    Ex MS Fill Sand - Grafil",27.26,10,"","411000","GST on Income",27.26,"","","","","",""
"1302 MACKA'S SAND & SOIL","","","","","","","","","","W38579","10,432","30/06/2024","30/07/2024","","OUT OF PIT:ex pit/f","WI237000/2    SOILS    27.64t    Ex MS Fill Sand - Grafil",27.64,9.999999999999998,"","411000","GST on Income",27.64,"","","","","",""
"1302 MACKA'S SAND & SOIL","","","","","","","","","","W38579","10,432","30/06/2024","30/07/2024","","OUT OF PIT:ex pit/f","WI237009/2    SOILS    26.98t    Ex MS Fill Sand - Grafil",26.98,10,"","411000","GST on Income",26.98,"","","","","",""
"1350 MILLEEN CONSTRUCTIONS PTY LTD","","","","","","","","","","W38580","10,433","30/06/2024","30/07/2024","","OUT OF PIT:ex pit/f","WI236577/1    XN39KW    34.56t    Fill Sand Will - Infrabuild Site Mayfield",34.56,28.5,"","411000","GST on Income",98.5,"","","","","",""
"1350 MILLEEN CONSTRUCTIONS PTY LTD","","","","","","","","","","W38580","10,433","30/06/2024","30/07/2024","","OUT OF PIT:ex pit/f","WI236594/1    XN39KW    34.86t    Fill Sand Will - Infrabuild Site Mayfield",34.86,28.5,"","411000","GST on Income",99.35,"","","","","",""
"0300 Cash Sales - COD","","","","","","","","","","W38581","10,434","30/06/2024","30/06/2024","","OUT OF PIT:ex pit/f","SI170691/1    CP90QH    13.72t    Fill Sand S/Ash (charged 38t in total).",12.6666,25.000394738919677,"","411000","GST on Income",31.67,"","","","","",""
"0300 Cash Sales - COD","","","","","","","","","","W38581","10,434","30/06/2024","30/06/2024","","OUT OF PIT:ex pit/f","SI170693/1    CP90QH    11.92t    Fill Sand S/Ash",12.6666,25.000394738919677,"","411000","GST on Income",31.67,"","","","","",""
"0300 Cash Sales - COD","","","","","","","","","","W38581","10,434","30/06/2024","30/06/2024","","OUT OF PIT:ex pit/f","SI170694/1    CP90QH    12.50t    Fill Sand S/Ash",12.666,24.999999999999996,"","411000","GST on Income",31.67,"","","","","",""
"1302 MACKA'S SAND & SOIL SUPPLIES","","","","","","","","","","M38583","10,440","30/06/2024","30/07/2024","","OUT OF PIT:ex pit/f","June 2024 - 64,512.15t",64512.15,10,"","411000","GST on Income",64512.15,"","","","","",""
"1350 MILLEEN CONSTRUCTIONS PTY LTD","","","","","","","","","","W38619","10,443","09/07/2024","31/08/2024","","OUT OF PIT:ex pit/f","WI237331/1    XN39KW    35.04t    Fill Sand Will",35.04,28.5,"","411000","GST on Income",99.86,"","","","","",""
"0300 Cash Sales - COD","","","","","","","","","","M38620","10,445","12/07/2024","12/07/2024","","OUT OF PIT:ex pit/f","SI170711/1 XN34GY 4.76t Fill Sand",4.76,10,"","411000","GST on Income",4.76,"","","","","",""
"1302 MACKA'S SAND & SOIL","","","","","","","","","","W38652","10,455","23/07/2024","22/08/2024","","OUT OF PIT:ex pit/f","SI170711/1    XN34GY    4.76t    Fill Sand S/Ash",4.76,10,"","411000","GST on Income",4.76,"","","","","",""
"1350 MILLEEN CONSTRUCTIONS PTY LTD","","","","","","","","","","W38690","10,457","23/07/2024","22/08/2024","","OUT OF PIT:ex pit/f","WI238331/1    XN39KW    35.02t    Fill Sand Will - Infrabuild Mayfield",35.02,28.5,"","411000","GST on Income",99.81,"","","","","",""
"1350 MILLEEN CONSTRUCTIONS PTY LTD","","","","","","","","","","W38690","10,457","23/07/2024","22/08/2024","","OUT OF PIT:ex pit/f","WI238126/1    XN39KW    34.96t    Fill Sand Will - Infrabuild Mayfield",34.96,28.5,"","411000","GST on Income",99.64,"","","","","",""
"1302 MACKA'S SAND & SOIL SUPPLIES","","","","","","","","","","M39038","10,565","31/07/2024","30/08/2024","","OUT OF PIT:ex pit/f","July 2024 - 74,144.44t",74144.44,10,"","411000","GST on Income",74144.44,"","","","","",""
"1350 MILLEEN CONSTRUCTIONS PTY LTD","","","","","","","","","","W38762","10,505","06/08/2024","30/09/2024","","OUT OF PIT:ex pit/f","WI239120/1    XN39KW    34.62t    Fill Sand Will",34.62,28.5,"","411000","GST on Income",98.67,"","","","","",""
"1350 MILLEEN CONSTRUCTIONS PTY LTD","","","","","","","","","","W38762","10,505","06/08/2024","30/09/2024","","OUT OF PIT:ex pit/f","WI239406/1    XN39KW    35.16t    Fill Sand Will",35.16,28.5,"","411000","GST on Income",100.21,"","","","","",""
"0300 Cash Sales - COD","","","","","","","","","","W38879","10,506","13/08/2024","13/08/2024","","OUT OF PIT:ex pit/f","WI239477/1    XN04YY    37.44t    Fill Sand Will",37.44,21,"","411000","GST on Income",78.62,"","","","","",""
"0300 Cash Sales - COD","","","","","","","","","","W38879","10,506","13/08/2024","13/08/2024","","OUT OF PIT:ex pit/f","WI239489/1    XN04YY    37.46t    Fill Sand Will",37.46,21,"","411000","GST on Income",78.67,"","","","","",""
"0300 Cash Sales - COD","","","","","","","","","","W38879","10,506","13/08/2024","13/08/2024","","OUT OF PIT:ex pit/f","WI239501/1    XN04YY    36.98t    Fill Sand Will",36.98,21.000000000000004,"","411000","GST on Income",77.66,"","","","","",""
"0300 Cash Sales - COD","","","","","","","","","","W38879","10,506","13/08/2024","13/08/2024","","OUT OF PIT:ex pit/f","WI239466/1    XN04YY    37.16t    Fill Sand Will",37.16,21.000000000000004,"","411000","GST on Income",78.04,"","","","","",""
"0300 Cash Sales - COD","","","","","","","","","","W38879","10,506","13/08/2024","13/08/2024","","expitfill/ceh","SI170761/2     XN04YY    35.86t    Fill Sand Will",35.86,21,"","411000","GST on Income",75.31,"","","","","",""
"1302 MACKA'S SAND & SOIL","","","","","","","","","","W38880","10,507","20/08/2024","19/09/2024","","OUT OF PIT:ex pit/f","SI170761/2    XN04YY    35.86t    Fill Sand S/Ash",35.86,10,"","411000","GST on Income",35.86,"","","","","",""
"1350 MILLEEN CONSTRUCTIONS PTY LTD","","","","","","","","","","W38914","10,528","20/08/2024","19/09/2024","","OUT OF PIT:ex pit/f","WI240039/1    CP90QH    38.02t    Fill Sand Will",38.02,28.499999999999996,"","411000","GST on Income",108.36,"","","","","",""
"1350 MILLEEN CONSTRUCTIONS PTY LTD","","","","","","","","","","W38914","10,528","20/08/2024","19/09/2024","","OUT OF PIT:ex pit/f","WI240411/1    XN39KW    35.08t    Fill Sand Will",35.08,28.5,"","411000","GST on Income",99.98,"","","","","",""
"0300 Cash Sales - COD","","","","","","","","","","M38882","10,519","28/08/2024","28/08/2024","","expitfill/ceh","38t Fill Sand - Delivered to Salt Ash - SI170847/1, SI170848/1, SI170849/1",38,25,"","411000","GST on Income",95,"","","","","",""
"1302 MACKA'S SAND & SOIL","","","","","","","","","","W38953","10,524","31/08/2024","30/09/2024","","OUT OF PIT:ex pit/f","SI170847/1    XO32CQ    11.60t    Fill Sand S/Ash",11.6,10,"","411000","GST on Income",11.6,"","","","","",""
"1302 MACKA'S SAND & SOIL","","","","","","","","","","W38953","10,524","31/08/2024","30/09/2024","","OUT OF PIT:ex pit/f","SI170848/1    XO32CQ    11.74t    Fill Sand S/Ash",11.74,10,"","411000","GST on Income",11.74,"","","","","",""
"1302 MACKA'S SAND & SOIL","","","","","","","","","","W38953","10,524","31/08/2024","30/09/2024","","OUT OF PIT:ex pit/f","SI170849/1    XO32CQ    11.94t    Fill Sand S/Ash",11.94,10.000000000000002,"","411000","GST on Income",11.94,"","","","","",""
"1302 MACKA'S SAND & SOIL","","","","","","","","","","W38951","10,525","31/08/2024","30/09/2024","","OUT OF PIT:ex pit/f","WI240613/1    XN04YY    12.20t    Fill Sand Will - Farm Usage Williamtown",12.2,10,"","411000","GST on Income",12.2,"","","","","",""
"1302 MACKA'S SAND & SOIL","","","","","","","","","","W38951","10,525","31/08/2024","30/09/2024","","OUT OF PIT:ex pit/f","WI241244/1    XN04YY    12.52t    Fill Sand Will - Farm Usage Williamtown",12.52,10,"","411000","GST on Income",12.52,"","","","","",""
"1302 MACKA'S SAND & SOIL","","","","","","","","","","W38951","10,525","31/08/2024","30/09/2024","","OUT OF PIT:ex pit/f","WI241248/1    XN04YY    13.48t    Fill Sand Will - Farm Usage Williamtown",13.48,10,"","411000","GST on Income",13.48,"","","","","",""
"1302 MACKA'S SAND & SOIL","","","","","","","","","","W38951","10,525","31/08/2024","30/09/2024","","OUT OF PIT:ex pit/f","WI241253/1    XN04YY    13.26t    Fill Sand Will - Farm Usage Williamtown",13.26,10,"","411000","GST on Income",13.26,"","","","","",""
"1302 MACKA'S SAND & SOIL","","","","","","","","","","W38951","10,525","31/08/2024","30/09/2024","","OUT OF PIT:ex pit/f","WI241255/1    XN04YY    13.02t    Fill Sand Will - Farm Usage Williamtown",13.02,10,"","411000","GST on Income",13.02,"","","","","",""
"1350 MILLEEN CONSTRUCTIONS PTY LTD","","","","","","","","","","W38952","10,526","31/08/2024","30/09/2024","","OUT OF PIT:ex pit/f","WI240447/1    XN39KW    35.18t    Fill Sand Will",35.18,28.5,"","411000","GST on Income",100.26,"","","","","",""
"1302 MACKA'S SAND & SOIL SUPPLIES","","","","","","","","","","M39039","10,566","31/08/2024","30/09/2024","","OUT OF PIT:ex pit/f","August 2024 - 84,672.70t",84672.7,10,"","411000","GST on Income",84672.7,"","","","","",""
"1302 MACKA'S SAND & SOIL","","","","","","","","","","M38998","10,534","10/09/2024","10/10/2024","","OUT OF PIT:ex pit/f","SI170865/1    BR24ZL    8.12t    Fill Sand S/Ash",8.12,10.000000000000002,"","411000","GST on Income",8.12,"","","","","",""
"1302 MACKA'S SAND & SOIL","","","","","","","","","","M39036","10,544","17/09/2024","17/10/2024","","OUT OF PIT:ex pit/f","WI242437/2    CP90QH    37.44t    Ex MS Fill Sand - Grafil",37.44,10,"","411000","GST on Income",37.44,"","","","","",""
"1302 MACKA'S SAND & SOIL","","","","","","","","","","M39036","10,544","17/09/2024","17/10/2024","","OUT OF PIT:ex pit/f","WI242482/2    CP90QH    38.30t    Ex MS Fill Sand - Grafil",38.3,10,"","411000","GST on Income",38.3,"","","","","",""
"1302 MACKA'S SAND & SOIL","","","","","","","","","","M39036","10,544","17/09/2024","17/10/2024","","OUT OF PIT:ex pit/f","WI242451/2    CP90QH    37.26t    Ex MS Fill Sand - Grafil",37.26,10.000000000000002,"","411000","GST on Income",37.26,"","","","","",""
"1302 MACKA'S SAND & SOIL","","","","","","","","","","M39036","10,544","17/09/2024","17/10/2024","","OUT OF PIT:ex pit/f","WI242489/2    XN04YY    38.01t    Ex MS Fill Sand - Grafil",38.01,10.000000000000002,"","411000","GST on Income",38.01,"","","","","",""
"1302 MACKA'S SAND & SOIL","","","","","","","","","","M39036","10,544","17/09/2024","17/10/2024","","OUT OF PIT:ex pit/f","WI242487/2    1ZNOOP    31.88t    Ex MS Fill Sand - Grafil",31.88,10,"","411000","GST on Income",31.88,"","","","","",""
"1302 MACKA'S SAND & SOIL","","","","","","","","","","M39036","10,544","17/09/2024","17/10/2024","","OUT OF PIT:ex pit/f","WI242484/2    CWE409    37.60t    Ex MS Fill Sand - Grafil",37.6,10,"","411000","GST on Income",37.6,"","","","","",""
"1302 MACKA'S SAND & SOIL SUPPLIES","","","","","","","","","","M39040","10,567","30/09/2024","30/10/2024","","OUT OF PIT:ex pit/f","September 2024 - 88,430.77t",88430.77,9.999999999999998,"","411000","GST on Income",88430.77,"","","","","",""
"1302 MACKA'S SAND & SOIL","","","","","","","","","","W39037","10,545","01/10/2024","30/11/2024","","OUT OF PIT:ex pit/f","SI170959/1    XN04YY    37.98t    Fill Sand S/Ash",37.98,10.000000000000002,"","411000","GST on Income",37.98,"","","","","",""
"1302 MACKA'S SAND & SOIL","","","","","","","","","","W39081","10,568","01/10/2024","31/10/2024","","OUT OF PIT:ex pit/f","WI242812/1    MAD689    0.84t    Ex MS Fill Sand - Grafil",0.84,10,"","411000","GST on Income",0.84,"","","","","",""
"1302 MACKA'S SAND & SOIL","","","","","","","","","","W39081","10,568","01/10/2024","31/10/2024","","OUT OF PIT:ex pit/f","WI242813/1    404DJW    0.74t    Ex MS Fill Sand - Grafil",0.74,10,"","411000","GST on Income",0.74,"","","","","",""
"1302 MACKA'S SAND & SOIL","","","","","","","","","","W39081","10,568","01/10/2024","31/10/2024","","OUT OF PIT:ex pit/f","WI242818/1    XN04YY    1.62t    Ex MS Fill Sand - Grafil",1.62,9.999999999999998,"","411000","GST on Income",1.62,"","","","","",""
"1302 MACKA'S SAND & SOIL","","","","","","","","","","W39081","10,568","01/10/2024","31/10/2024","","OUT OF PIT:ex pit/f","WI242826/1    404DJW    0.54t    Ex MS Fill Sand - Grafil",0.54,10,"","411000","GST on Income",0.54,"","","","","",""
"1302 MACKA'S SAND & SOIL","","","","","","","","","","W39081","10,568","01/10/2024","31/10/2024","","OUT OF PIT:ex pit/f","WI242829/1    MAD689    0.58t    Ex MS Fill Sand - Grafil",0.58,10,"","411000","GST on Income",0.58,"","","","","",""
"1302 MACKA'S SAND & SOIL","","","","","","","","","","W39081","10,568","01/10/2024","31/10/2024","","OUT OF PIT:ex pit/f","WI242836/1    XN04YY    0.20t    Ex MS Fill Sand - Grafil",0.2,10,"","411000","GST on Income",0.2,"","","","","",""
"1302 MACKA'S SAND & SOIL","","","","","","","","","","W39081","10,568","01/10/2024","31/10/2024","","OUT OF PIT:ex pit/f","WI242838/1    XO39TF    0.22t    Ex MS Fill Sand - Grafil",0.22,10,"","411000","GST on Income",0.22,"","","","","",""
"1302 MACKA'S SAND & SOIL","","","","","","","","","","W39081","10,568","01/10/2024","31/10/2024","","OUT OF PIT:ex pit/f","WI242822/6    XO39TF    49.84t    Ex MS Fill Sand - Grafil",49.84,9.999999999999998,"","411000","GST on Income",49.84,"","","","","",""
"1302 MACKA'S SAND & SOIL","","","","","","","","","","W39081","10,568","01/10/2024","31/10/2024","","OUT OF PIT:ex pit/f","WI242842/1    404DJW    0.52t    Ex MS Fill Sand - Grafil",0.52,10,"","411000","GST on Income",0.52,"","","","","",""
"1302 MACKA'S SAND & SOIL","","","","","","","","","","W39081","10,568","01/10/2024","31/10/2024","","OUT OF PIT:ex pit/f","WI242844/1    MAD689    0.48t    Ex MS Fill Sand - Grafil",0.48,10,"","411000","GST on Income",0.48,"","","","","",""
"1302 MACKA'S SAND & SOIL","","","","","","","","","","W39081","10,568","01/10/2024","31/10/2024","","OUT OF PIT:ex pit/f","WI242918/1    404DJW    1.14t    Ex MS Fill Sand - Grafil",1.14,10.000000000000002,"","411000","GST on Income",1.14,"","","","","",""
"1302 MACKA'S SAND & SOIL","","","","","","","","","","W39081","10,568","01/10/2024","31/10/2024","","OUT OF PIT:ex pit/f","WI242928/1    404DJW    0.82t    Ex MS Fill Sand - Grafil",0.82,10,"","411000","GST on Income",0.82,"","","","","",""
"1302 MACKA'S SAND & SOIL","","","","","","","","","","W39081","10,568","01/10/2024","31/10/2024","","OUT OF PIT:ex pit/f","WI242685/1    404DJW    0.04t    Ex MS Fill Sand - Grafil",0.04,10,"","411000","GST on Income",0.04,"","","","","",""
"1302 MACKA'S SAND & SOIL","","","","","","","","","","W39081","10,568","01/10/2024","31/10/2024","","OUT OF PIT:ex pit/f","WI242946/1    404DJW    0.08t    Ex MS Fill Sand - Grafil",0.08,10,"","411000","GST on Income",0.08,"","","","","",""
"1302 MACKA'S SAND & SOIL","","","","","","","","","","W39081","10,568","01/10/2024","31/10/2024","","OUT OF PIT:ex pit/f","WI242953/1    404DJW    0.24t    Ex MS Fill Sand - Grafil",0.24,10,"","411000","GST on Income",0.24,"","","","","",""
"1302 MACKA'S SAND & SOIL","","","","","","","","","","W39081","10,568","01/10/2024","31/10/2024","","OUT OF PIT:ex pit/f","WI242705/1    MAD689    0.36t    Ex MS Fill Sand - Grafil",0.36,10,"","411000","GST on Income",0.36,"","","","","",""
"1302 MACKA'S SAND & SOIL","","","","","","","","","","W39081","10,568","01/10/2024","31/10/2024","","OUT OF PIT:ex pit/f","WI242724/1    MAD689    0.52t    Ex MS Fill Sand - Grafil",0.52,10,"","411000","GST on Income",0.52,"","","","","",""
"1302 MACKA'S SAND & SOIL","","","","","","","","","","W39081","10,568","01/10/2024","31/10/2024","","OUT OF PIT:ex pit/f","WI242781/1    MAD689    2.54t    Ex MS Fill Sand - Grafil",2.54,10,"","411000","GST on Income",2.54,"","","","","",""
"1302 MACKA'S SAND & SOIL","","","","","","","","","","W39081","10,568","01/10/2024","31/10/2024","","OUT OF PIT:ex pit/f","WI242783/1    404DJW    0.88t    Ex MS Fill Sand - Grafil",0.88,10,"","411000","GST on Income",0.88,"","","","","",""
"1302 MACKA'S SAND & SOIL","","","","","","","","","","W39081","10,568","01/10/2024","31/10/2024","","OUT OF PIT:ex pit/f","WI242785/1    XO39TF    0.76t    Ex MS Fill Sand - Grafil",0.76,10,"","411000","GST on Income",0.76,"","","","","",""
"1302 MACKA'S SAND & SOIL","","","","","","","","","","W39081","10,568","01/10/2024","31/10/2024","","OUT OF PIT:ex pit/f","WI242786/1    XN04YY    0.96t    Ex MS Fill Sand - Grafil",0.96,10,"","411000","GST on Income",0.96,"","","","","",""
"1302 MACKA'S SAND & SOIL","","","","","","","","","","W39081","10,568","01/10/2024","31/10/2024","","OUT OF PIT:ex pit/f","WI242793/1    MAD689    0.56t    Ex MS Fill Sand - Grafil",0.56,9.999999999999998,"","411000","GST on Income",0.56,"","","","","",""
"1302 MACKA'S SAND & SOIL","","","","","","","","","","W39081","10,568","01/10/2024","31/10/2024","","OUT OF PIT:ex pit/f","WI242795/1    404DJW    0.24t    Ex MS Fill Sand - Grafil",0.24,10,"","411000","GST on Income",0.24,"","","","","",""
"1302 MACKA'S SAND & SOIL","","","","","","","","","","W39081","10,568","01/10/2024","31/10/2024","","OUT OF PIT:ex pit/f","WI242800/1    XN04YY    2.12t    Ex MS Fill Sand - Grafil",2.12,10,"","411000","GST on Income",2.12,"","","","","",""
"1302 MACKA'S SAND & SOIL","","","","","","","","","","W39125","10,573","08/10/2024","07/11/2024","","OUT OF PIT:ex pit/f","SI171140/1    BR24ZL    11.22t    Fill Sand S/Ash - Farm Usage",11.22,10,"","411000","GST on Income",11.22,"","","","","",""
"1350 MILLEEN CONSTRUCTIONS PTY LTD","","","","","","","","","","W39082","10,569","10/10/2024","30/11/2024","","OUT OF PIT:ex pit/f","WI243239/1    XN39KW    35.34t    Fill Sand Will",35.34,28.5,"","411000","GST on Income",100.72,"","","","","",""
"1350 MILLEEN CONSTRUCTIONS PTY LTD","","","","","","","","","","W39082","10,569","10/10/2024","30/11/2024","","OUT OF PIT:ex pit/f","WI243260/1    XN39KW    34.80t    Fill Sand Will",34.8,28.5,"","411000","GST on Income",99.18,"","","","","",""
"1350 MILLEEN CONSTRUCTIONS PTY LTD","","","","","","","","","","W39175","10,575","17/10/2024","16/11/2024","","OUT OF PIT:ex pit/f","WI244733/1    XN39KW    35.26t    Fill Sand Will",35.26,28.5,"","411000","GST on Income",100.49,"","","","","",""
"1350 MILLEEN CONSTRUCTIONS PTY LTD","","","","","","","","","","W39220","10,581","22/10/2024","30/11/2024","","OUT OF PIT:ex pit/f","WI245100/1    XN39KW    34.52t    Fill Sand Will",34.52,28.5,"","411000","GST on Income",98.38,"","","","","",""
"1302 MACKA'S SAND & SOIL SUPPLIES","","","","","","","","","","M39222","10,586","31/10/2024","30/11/2024","","OUT OF PIT:ex pit/f","October 2014 - 96,869.08",96869.08,10,"","411000","GST on Income",96869.08,"","","","","",""
"1350 MILLEEN CONSTRUCTIONS PTY LTD","","","","","","","","","","W39308","10,596","05/11/2024","05/12/2024","","OUT OF PIT:ex pit/f","WI246342/1    XN39KW    34.92t    Fill Sand Will",34.92,28.5,"","411000","GST on Income",99.52,"","","","","",""
"1350 MILLEEN CONSTRUCTIONS PTY LTD","","","","","","","","","","W39402","10,597","19/11/2024","19/12/2024","","OUT OF PIT:ex pit/f","WI247277/1    XN39KW    35.42t    Fill Sand Will",35.42,28.5,"","411000","GST on Income",100.95,"","","","","",""
"1350 MILLEEN CONSTRUCTIONS PTY LTD","","","","","","","","","","W39451","10,602","30/11/2024","31/12/2024","","OUT OF PIT:ex pit/f","WI248772/1    CP90QH    37.90t    Fill Sand Will",37.9,28.500000000000004,"","411000","GST on Income",108.02,"","","","","",""
"1350 MILLEEN CONSTRUCTIONS PTY LTD","","","","","","","","","","W39451","10,602","30/11/2024","31/12/2024","","OUT OF PIT:ex pit/f","WI248152/1    XN04YYTRUCK    11.94t    Fill Sand Will",11.94,28.500000000000004,"","411000","GST on Income",34.03,"","","","","",""
"1302 MACKA'S SAND & SOIL SUPPLIES","","","","","","","","","","M39642","10,632","30/11/2024","30/12/2024","","OUT OF PIT:ex pit/f","November 2024 - 100,940.32t",100940.32,9.999999999999998,"","411000","GST on Income",100940.32,"","","","","",""
"1302 MACKA'S SAND & SOIL","","","","","","","","","","W39584","10,625","18/12/2024","17/01/2025","","OUT OF PIT:ex pit/f","SI171283/1    MAD282    5.16t    Fill Sand S/Ash",5.16,10,"","411000","GST on Income",5.16,"","","","","",""
"1302 MACKA'S SAND & SOIL","","","","","","","","","","W39641","10,627","31/12/2024","31/01/2025","","OUT OF PIT:ex pit/f","WI250818/1    JASOND    1.22t    Fill Sand Will",1.22,10,"","411000","GST on Income",1.22,"","","","","",""
"1302 MACKA'S SAND & SOIL SUPPLIES","","","","","","","","","","M39643","10,633","31/12/2024","30/01/2025","","OUT OF PIT:ex pit/f","December 2024 - 73,293.03",73293.03,10,"","411000","GST on Income",73293.03,"","","","","",""
"1302 MACKA'S SAND & SOIL","","","","","","","","","","W39772","10,645","28/01/2025","27/02/2025","","OUT OF PIT:ex pit/f","SI171327/1    XO07LC    3.96t    Fill Sand S/Ash",3.96,10,"","411000","GST on Income",3.96,"","","","","",""
"1302 MACKA'S SAND & SOIL SUPPLIES","","","","","","","","","","M40104","10,722","31/01/2025","02/03/2025","","OUT OF PIT:ex pit/f","Jan 2025 - 60,759.14t",60759.14,10,"","411000","GST on Income",60759.14,"","","","","",""
"0300 Cash Sales - COD","","","","","","","","","","W39931","10,698","18/02/2025","18/02/2025","","OUT OF PIT:ex pit/f","SI171369/1    XN04YY    13.04t    Fill Sand S/Ash",13.04,10.000000000000002,"","411000","GST on Income",13.04,"","","","","",""
"0300 Cash Sales - COD","","","","","","","","","","W39931","10,698","18/02/2025","18/02/2025","","OUT OF PIT:ex pit/f","SI171371/1    XN04YY    12.74t    Fill Sand S/Ash",12.74,10,"","411000","GST on Income",12.74,"","","","","",""
"0300 Cash Sales - COD","","","","","","","","","","W39931","10,698","18/02/2025","18/02/2025","","OUT OF PIT:ex pit/f","SI171372/1    XN04YY    13.24t    Fill Sand S/Ash",13.24,10,"","411000","GST on Income",13.24,"","","","","",""
"0300 Cash Sales - COD","","","","","","","","","","W39931","10,698","18/02/2025","18/02/2025","","OUT OF PIT:ex pit/f","SI171374/1    XN04YY    12.70t    Fill Sand S/Ash",12.7,10,"","411000","GST on Income",12.7,"","","","","",""
"0300 Cash Sales - COD","","","","","","","","","","W39931","10,698","18/02/2025","18/02/2025","","OUT OF PIT:ex pit/f","SI171375/1    XN04YY    13.60t    Fill Sand S/Ash",13.6,10,"","411000","GST on Income",13.6,"","","","","",""
"0300 Cash Sales - COD","","","","","","","","","","W39931","10,698","18/02/2025","18/02/2025","","OUT OF PIT:ex pit/f","SI171376/1    XN04YY    12.88t    Fill Sand S/Ash",12.88,10,"","411000","GST on Income",12.88,"","","","","",""
"0300 Cash Sales - COD","","","","","","","","","","W39931","10,698","18/02/2025","18/02/2025","","OUT OF PIT:ex pit/f","SI171377/1    XN04YY    13.10t    Fill Sand S/Ash",13.1,10,"","411000","GST on Income",13.1,"","","","","",""
"0300 Cash Sales - COD","","","","","","","","","","W39931","10,698","18/02/2025","18/02/2025","","OUT OF PIT:ex pit/f","SI171378/1    XN04YY    13.06t    Fill Sand S/Ash",13.06,10,"","411000","GST on Income",13.06,"","","","","",""
"0300 Cash Sales - COD","","","","","","","","","","W39931","10,698","18/02/2025","18/02/2025","","OUT OF PIT:ex pit/f","SI171379/1    XN04YY    12.92t    Fill Sand S/Ash",12.92,10,"","411000","GST on Income",12.92,"","","","","",""
"0300 Cash Sales - COD","","","","","","","","","","W39931","10,698","18/02/2025","18/02/2025","","OUT OF PIT:ex pit/f","SI171380/1    XN04YY    13.10t    Fill Sand S/Ash",13.1,10,"","411000","GST on Income",13.1,"","","","","",""
"0300 Cash Sales - COD","","","","","","","","","","W39931","10,698","18/02/2025","18/02/2025","","OUT OF PIT:ex pit/f","SI171381/1    XN04YY    13.62t    Fill Sand S/Ash",13.62,10,"","411000","GST on Income",13.62,"","","","","",""
"1302 MACKA'S SAND & SOIL","","","","","","","","","","W39981","10,700","28/02/2025","30/03/2025","","OUT OF PIT:ex pit/f","WI254444/2    CP90QH    38.54t    Ex MS Fill Sand - Grafil",38.54,10,"","411000","GST on Income",38.54,"","","","","",""
"1302 MACKA'S SAND & SOIL","","","","","","","","","","W39981","10,700","28/02/2025","30/03/2025","","OUT OF PIT:ex pit/f","WI254427/3    XN04YY    37.45t    Ex MS Fill Sand - Grafil",37.45,10,"","411000","GST on Income",37.45,"","","","","",""
"1302 MACKA'S SAND & SOIL SUPPLIES","","","","","","","","","","M40105","10,723","28/02/2025","30/03/2025","","OUT OF PIT:ex pit/f","Feb 2025 - 88,952.82",88952.82,9.999999999999998,"","411000","GST on Income",88952.82,"","","","","",""
"1302 MACKA'S SAND & SOIL","","","","","","","","","","W40020","10,705","04/03/2025","03/04/2025","","OUT OF PIT:ex pit/f","WI254914/2    404DJW    31.60t    Ex MS Fill Sand - Grafil",31.6,10,"","411000","GST on Income",31.6,"","","","","",""
"1302 MACKA'S SAND & SOIL","","","","","","","","","","W40020","10,705","04/03/2025","03/04/2025","","OUT OF PIT:ex pit/f","WI254926/2    404DJW    31.22t    Ex MS Fill Sand - Grafil",31.22,10,"","411000","GST on Income",31.22,"","","","","",""
"1302 MACKA'S SAND & SOIL","","","","","","","","","","W40020","10,705","04/03/2025","03/04/2025","","OUT OF PIT:ex pit/f","WI254942/2    404DJW    31.30t    Ex MS Fill Sand - Grafil",31.3,10,"","411000","GST on Income",31.3,"","","","","",""
"1302 MACKA'S SAND & SOIL","","","","","","","","","","W40020","10,705","04/03/2025","03/04/2025","","OUT OF PIT:ex pit/f","WI254959/2    404DJW    32.32t    Ex MS Fill Sand - Grafil",32.32,10,"","411000","GST on Income",32.32,"","","","","",""
"1302 MACKA'S SAND & SOIL","","","","","","","","","","W40061","10,715","13/03/2025","12/04/2025","","OUT OF PIT:ex pit/f","WI255150/6    MAD412    36.62t    Ex MS Fill Sand - Grafil",36.62,10,"","411000","GST on Income",36.62,"","","","","",""
"1302 MACKA'S SAND & SOIL","","","","","","","","","","W40061","10,715","13/03/2025","12/04/2025","","OUT OF PIT:ex pit/f","WI255154/2    SBT409    37.48t    Ex MS Fill Sand - Grafil",37.48,10.000000000000002,"","411000","GST on Income",37.48,"","","","","",""
"1302 MACKA'S SAND & SOIL","","","","","","","","","","W40061","10,715","13/03/2025","12/04/2025","","OUT OF PIT:ex pit/f","WI255165/2    SBT409    36.84t    Ex MS Fill Sand - Grafil",36.84,9.999999999999998,"","411000","GST on Income",36.84,"","","","","",""
"1302 MACKA'S SAND & SOIL","","","","","","","","","","W40061","10,715","13/03/2025","12/04/2025","","OUT OF PIT:ex pit/f","WI255152/2    GTN200    38.12t    Ex MS Fill Sand - Grafil",38.12,10,"","411000","GST on Income",38.12,"","","","","",""
"1302 MACKA'S SAND & SOIL","","","","","","","","","","W40061","10,715","13/03/2025","12/04/2025","","OUT OF PIT:ex pit/f","WI255164/2    GTN200    38.46t    Ex MS Fill Sand - Grafil",38.46,10,"","411000","GST on Income",38.46,"","","","","",""
"1302 MACKA'S SAND & SOIL","","","","","","","","","","W40103","10,720","18/03/2025","17/04/2025","","OUT OF PIT:ex pit/f","WI255494/3    404DJW    31.54t    Ex MS Fill Sand - Grafil",31.54,10,"","411000","GST on Income",31.54,"","","","","",""
"1302 MACKA'S SAND & SOIL","","","","","","","","","","W40103","10,720","18/03/2025","17/04/2025","","OUT OF PIT:ex pit/f","WI255502/2    404DJW    31.96t    Ex MS Fill Sand - Grafil",31.96,10,"","411000","GST on Income",31.96,"","","","","",""
"1302 MACKA'S SAND & SOIL","","","","","","","","","","W40103","10,720","18/03/2025","17/04/2025","","OUT OF PIT:ex pit/f","WI255512/3    404DJW    32.68t    Ex MS Fill Sand - Grafil",32.68,10,"","411000","GST on Income",32.68,"","","","","",""
"1302 MACKA'S SAND & SOIL","","","","","","","","","","W40103","10,720","18/03/2025","17/04/2025","","OUT OF PIT:ex pit/f","WI255528/3    404DJW    31.70t    Ex MS Fill Sand - Grafil",31.7,10,"","411000","GST on Income",31.7,"","","","","",""
"1302 MACKA'S SAND & SOIL","","","","","","","","","","W40103","10,720","18/03/2025","17/04/2025","","OUT OF PIT:ex pit/f","WI255549/2    404DJW    32.08t    Ex MS Fill Sand - Grafil",32.08,10,"","411000","GST on Income",32.08,"","","","","",""
"1302 MACKA'S SAND & SOIL","","","","","","","","","","W40103","10,720","18/03/2025","17/04/2025","","OUT OF PIT:ex pit/f","WI255565/2    404DJW    32.14t    Ex MS Fill Sand - Grafil",32.14,10,"","411000","GST on Income",32.14,"","","","","",""
"1302 MACKA'S SAND & SOIL","","","","","","","","","","W40103","10,720","18/03/2025","17/04/2025","","OUT OF PIT:ex pit/f","WI255571/2    404DJW    32.20t    Ex MS Fill Sand - Grafil",32.2,10,"","411000","GST on Income",32.2,"","","","","",""
"1302 MACKA'S SAND & SOIL","","","","","","","","","","W40103","10,720","18/03/2025","17/04/2025","","OUT OF PIT:ex pit/f","WI255667/2    404DJW    31.56t    Ex MS Fill Sand - Grafil",31.56,10.000000000000002,"","411000","GST on Income",31.56,"","","","","",""
"1302 MACKA'S SAND & SOIL","","","","","","","","","","W40103","10,720","18/03/2025","17/04/2025","","OUT OF PIT:ex pit/f","WI255661/3    CP90QH    37.68t    Ex MS Fill Sand - Grafil",37.68,10,"","411000","GST on Income",37.68,"","","","","",""
"1302 MACKA'S SAND & SOIL SUPPLIES","","","","","","","","","","M40108","10,732","31/03/2025","30/04/2025","","OUT OF PIT:ex pit/f","March 2025 - 86,754.48t",86754.48,10.000000000000002,"","411000","GST on Income",86754.48,"","","","","",""