"*ContactName","EmailAddress","POAddressLine1","POAddressLine2","POAddressLine3","POAddressLine4","POCity","PORegion","POPostalCode","POCountry","*InvoiceNumber","Reference","*InvoiceDate","*DueDate","InventoryItemCode","*Description","*Quantity","*UnitAmount","Discount","*AccountCode","*TaxType","TaxAmount","TrackingName1","TrackingOption1","TrackingName2","TrackingOption2","Currency","BrandingTheme","Status","LineAmountTypes"
"1302 MACKA'S SAND & SOIL SUPPLIES",,,,,,,,,,"M37417","10,211","31/07/2023","30/08/2023",,".",1,,,"9999","BAS Excluded",,,,,,,,"DRAFT","Exclusive"
"1302 MACKA'S SAND & SOIL SUPPLIES",,,,,,,,,,"M37417_10,211","10,211","31/07/2023","30/08/2023",,".",1,,,"9999","BAS Excluded",,,,,,,,"DRAFT","Exclusive"
"Australian Taxation Office",,,,,,,,,,"M37417_10,211","10,211","31/07/2023","31/07/2023",,".",1,,,"9999","BAS Excluded",,,,,,,,"DRAFT","Exclusive"
"1302 MACKA'S SAND & SOIL SUPPLIES",,,,,,,,,,"M37418","10,212","31/08/2023","30/09/2023",,".",1,,,"9999","BAS Excluded",,,,,,,,"DRAFT","Exclusive"
"1302 MACKA'S SAND & SOIL SUPPLIES",,,,,,,,,,"M37418_10,212","10,212","31/08/2023","30/09/2023",,".",1,,,"9999","BAS Excluded",,,,,,,,"DRAFT","Exclusive"
"Australian Taxation Office",,,,,,,,,,"M37418_10,212","10,212","31/08/2023","31/08/2023",,".",1,,,"9999","BAS Excluded",,,,,,,,"DRAFT","Exclusive"
"1302 MACKA'S SAND & SOIL SUPPLIES",,,,,,,,,,"M37419","10,213","30/09/2023","30/10/2023",,".",1,,,"9999","BAS Excluded",,,,,,,,"DRAFT","Exclusive"
"1302 MACKA'S SAND & SOIL SUPPLIES",,,,,,,,,,"M37419_10,213","10,213","30/09/2023","30/10/2023",,".",1,,,"9999","BAS Excluded",,,,,,,,"DRAFT","Exclusive"
"Australian Taxation Office",,,,,,,,,,"M37419_10,213","10,213","30/09/2023","30/09/2023",,".",1,,,"9999","BAS Excluded",,,,,,,,"DRAFT","Exclusive"
"0234 MICHEAL BIGENI",,,,,,,,,,"W37353","10,209","03/10/2023","02/11/2023",,".",1,,,"9999","BAS Excluded",,,,,,,,"DRAFT","Exclusive"
"0234 MICHEAL BIGENI",,,,,,,,,,"W37353_10,209","10,209","03/10/2023","02/11/2023",,".",1,,,"9999","BAS Excluded",,,,,,,,"DRAFT","Exclusive"
"Australian Taxation Office",,,,,,,,,,"W37353_10,209","10,209","03/10/2023","31/10/2023",,".",1,,,"9999","BAS Excluded",,,,,,,,"DRAFT","Exclusive"
"1302 MACKA'S SAND & SOIL SUPPLIES",,,,,,,,,,"M37798","10,302","31/10/2023","30/11/2023",,".",1,,,"9999","BAS Excluded",,,,,,,,"DRAFT","Exclusive"
"1302 MACKA'S SAND & SOIL SUPPLIES",,,,,,,,,,"M37798_10,302","10,302","31/10/2023","30/11/2023",,".",1,,,"9999","BAS Excluded",,,,,,,,"DRAFT","Exclusive"
"Australian Taxation Office",,,,,,,,,,"M37798_10,302","10,302","31/10/2023","31/10/2023",,".",1,,,"9999","BAS Excluded",,,,,,,,"DRAFT","Exclusive"
"1424 Newcastle Sandstone Supplies",,,,,,,,,,"W37416","10,210","01/11/2023","31/12/2023",,".",1,,,"9999","BAS Excluded",,,,,,,,"DRAFT","Exclusive"
"1302 MACKA'S SAND & SOIL",,,,,,,,,,"W37416_10,210","10,210","01/11/2023","31/12/2023",,".",1,,,"9999","BAS Excluded",,,,,,,,"DRAFT","Exclusive"
"1302 MACKA'S SAND & SOIL",,,,,,,,,,"W37416_10,210","10,210","01/11/2023","31/12/2023",,".",1,,,"9999","BAS Excluded",,,,,,,,"DRAFT","Exclusive"
"Australian Taxation Office",,,,,,,,,,"W37416_10,210","10,210","01/11/2023","30/11/2023",,".",1,,,"9999","BAS Excluded",,,,,,,,"DRAFT","Exclusive"
"1302 MACKA'S SAND & SOIL",,,,,,,,,,"W35676","10,278","30/11/2023","31/12/2023",,".",1,,,"9999","BAS Excluded",,,,,,,,"DRAFT","Exclusive"
"1302 MACKA'S SAND & SOIL",,,,,,,,,,"W35676_10,278","10,278","30/11/2023","31/12/2023",,".",1,,,"9999","BAS Excluded",,,,,,,,"DRAFT","Exclusive"
"1302 MACKA'S SAND & SOIL",,,,,,,,,,"W35676_10,278","10,278","30/11/2023","31/12/2023",,".",1,,,"9999","BAS Excluded",,,,,,,,"DRAFT","Exclusive"
"1302 MACKA'S SAND & SOIL",,,,,,,,,,"W35676_10,278","10,278","30/11/2023","31/12/2023",,".",1,,,"9999","BAS Excluded",,,,,,,,"DRAFT","Exclusive"
"Australian Taxation Office",,,,,,,,,,"W35676_10,278","10,278","30/11/2023","30/11/2023",,".",1,,,"9999","BAS Excluded",,,,,,,,"DRAFT","Exclusive"
"1302 MACKA'S SAND & SOIL SUPPLIES",,,,,,,,,,"M37799","10,303","30/11/2023","30/12/2023",,".",1,,,"9999","BAS Excluded",,,,,,,,"DRAFT","Exclusive"
"1302 MACKA'S SAND & SOIL SUPPLIES",,,,,,,,,,"M37799_10,303","10,303","30/11/2023","30/12/2023",,".",1,,,"9999","BAS Excluded",,,,,,,,"DRAFT","Exclusive"
"Australian Taxation Office",,,,,,,,,,"M37799_10,303","10,303","30/11/2023","30/11/2023",,".",1,,,"9999","BAS Excluded",,,,,,,,"DRAFT","Exclusive"
"0403 DARACON",,,,,,,,,,"W37772","10,285","20/12/2023","19/01/2024",,".",1,,,"9999","BAS Excluded",,,,,,,,"DRAFT","Exclusive"
"0403 DARACON",,,,,,,,,,"W37772_10,285","10,285","20/12/2023","19/01/2024",,".",1,,,"9999","BAS Excluded",,,,,,,,"DRAFT","Exclusive"
"0403 DARACON",,,,,,,,,,"W37772_10,285","10,285","20/12/2023","19/01/2024",,".",1,,,"9999","BAS Excluded",,,,,,,,"DRAFT","Exclusive"
"0403 DARACON",,,,,,,,,,"W37772_10,285","10,285","20/12/2023","19/01/2024",,".",1,,,"9999","BAS Excluded",,,,,,,,"DRAFT","Exclusive"
"0403 DARACON",,,,,,,,,,"W37772_10,285","10,285","20/12/2023","19/01/2024",,".",1,,,"9999","BAS Excluded",,,,,,,,"DRAFT","Exclusive"
"0403 DARACON",,,,,,,,,,"W37772_10,285","10,285","20/12/2023","19/01/2024",,".",1,,,"9999","BAS Excluded",,,,,,,,"DRAFT","Exclusive"
"0403 DARACON",,,,,,,,,,"W37772_10,285","10,285","20/12/2023","19/01/2024",,".",1,,,"9999","BAS Excluded",,,,,,,,"DRAFT","Exclusive"
"0403 DARACON",,,,,,,,,,"W37772_10,285","10,285","20/12/2023","19/01/2024",,".",1,,,"9999","BAS Excluded",,,,,,,,"DRAFT","Exclusive"
"0403 DARACON",,,,,,,,,,"W37772_10,285","10,285","20/12/2023","19/01/2024",,".",1,,,"9999","BAS Excluded",,,,,,,,"DRAFT","Exclusive"
"0403 DARACON",,,,,,,,,,"W37772_10,285","10,285","20/12/2023","19/01/2024",,".",1,,,"9999","BAS Excluded",,,,,,,,"DRAFT","Exclusive"
"0403 DARACON",,,,,,,,,,"W37772_10,285","10,285","20/12/2023","19/01/2024",,".",1,,,"9999","BAS Excluded",,,,,,,,"DRAFT","Exclusive"
"0403 DARACON",,,,,,,,,,"W37772_10,285","10,285","20/12/2023","19/01/2024",,".",1,,,"9999","BAS Excluded",,,,,,,,"DRAFT","Exclusive"
"0403 DARACON",,,,,,,,,,"W37772_10,285","10,285","20/12/2023","19/01/2024",,".",1,,,"9999","BAS Excluded",,,,,,,,"DRAFT","Exclusive"
"0403 DARACON",,,,,,,,,,"W37772_10,285","10,285","20/12/2023","19/01/2024",,".",1,,,"9999","BAS Excluded",,,,,,,,"DRAFT","Exclusive"
"0403 DARACON",,,,,,,,,,"W37772_10,285","10,285","20/12/2023","19/01/2024",,".",1,,,"9999","BAS Excluded",,,,,,,,"DRAFT","Exclusive"
"0403 DARACON",,,,,,,,,,"W37772_10,285","10,285","20/12/2023","19/01/2024",,".",1,,,"9999","BAS Excluded",,,,,,,,"DRAFT","Exclusive"
"0403 DARACON",,,,,,,,,,"W37772_10,285","10,285","20/12/2023","19/01/2024",,".",1,,,"9999","BAS Excluded",,,,,,,,"DRAFT","Exclusive"
"0403 DARACON",,,,,,,,,,"W37772_10,285","10,285","20/12/2023","19/01/2024",,".",1,,,"9999","BAS Excluded",,,,,,,,"DRAFT","Exclusive"
"0403 DARACON",,,,,,,,,,"W37772_10,285","10,285","20/12/2023","19/01/2024",,".",1,,,"9999","BAS Excluded",,,,,,,,"DRAFT","Exclusive"
"0403 DARACON",,,,,,,,,,"W37772_10,285","10,285","20/12/2023","19/01/2024",,".",1,,,"9999","BAS Excluded",,,,,,,,"DRAFT","Exclusive"
"0403 DARACON",,,,,,,,,,"W37772_10,285","10,285","20/12/2023","19/01/2024",,".",1,,,"9999","BAS Excluded",,,,,,,,"DRAFT","Exclusive"
"0403 DARACON",,,,,,,,,,"W37772_10,285","10,285","20/12/2023","19/01/2024",,".",1,,,"9999","BAS Excluded",,,,,,,,"DRAFT","Exclusive"
"0403 DARACON",,,,,,,,,,"W37772_10,285","10,285","20/12/2023","19/01/2024",,".",1,,,"9999","BAS Excluded",,,,,,,,"DRAFT","Exclusive"
"0403 DARACON",,,,,,,,,,"W37772_10,285","10,285","20/12/2023","19/01/2024",,".",1,,,"9999","BAS Excluded",,,,,,,,"DRAFT","Exclusive"
"0403 DARACON",,,,,,,,,,"W37772_10,285","10,285","20/12/2023","19/01/2024",,".",1,,,"9999","BAS Excluded",,,,,,,,"DRAFT","Exclusive"
"0403 DARACON",,,,,,,,,,"W37772_10,285","10,285","20/12/2023","19/01/2024",,".",1,,,"9999","BAS Excluded",,,,,,,,"DRAFT","Exclusive"
"0403 DARACON",,,,,,,,,,"W37772_10,285","10,285","20/12/2023","19/01/2024",,".",1,,,"9999","BAS Excluded",,,,,,,,"DRAFT","Exclusive"
"0403 DARACON",,,,,,,,,,"W37772_10,285","10,285","20/12/2023","19/01/2024",,".",1,,,"9999","BAS Excluded",,,,,,,,"DRAFT","Exclusive"
"0403 DARACON",,,,,,,,,,"W37772_10,285","10,285","20/12/2023","19/01/2024",,".",1,,,"9999","BAS Excluded",,,,,,,,"DRAFT","Exclusive"
"0403 DARACON",,,,,,,,,,"W37772_10,285","10,285","20/12/2023","19/01/2024",,".",1,,,"9999","BAS Excluded",,,,,,,,"DRAFT","Exclusive"
"0403 DARACON",,,,,,,,,,"W37772_10,285","10,285","20/12/2023","19/01/2024",,".",1,,,"9999","BAS Excluded",,,,,,,,"DRAFT","Exclusive"
"0403 DARACON",,,,,,,,,,"W37772_10,285","10,285","20/12/2023","19/01/2024",,".",1,,,"9999","BAS Excluded",,,,,,,,"DRAFT","Exclusive"
"0403 DARACON",,,,,,,,,,"W37772_10,285","10,285","20/12/2023","19/01/2024",,".",1,,,"9999","BAS Excluded",,,,,,,,"DRAFT","Exclusive"
"0403 DARACON",,,,,,,,,,"W37772_10,285","10,285","20/12/2023","19/01/2024",,".",1,,,"9999","BAS Excluded",,,,,,,,"DRAFT","Exclusive"
"0403 DARACON",,,,,,,,,,"W37772_10,285","10,285","20/12/2023","19/01/2024",,".",1,,,"9999","BAS Excluded",,,,,,,,"DRAFT","Exclusive"
"0403 DARACON",,,,,,,,,,"W37772_10,285","10,285","20/12/2023","19/01/2024",,".",1,,,"9999","BAS Excluded",,,,,,,,"DRAFT","Exclusive"
"0403 DARACON",,,,,,,,,,"W37772_10,285","10,285","20/12/2023","19/01/2024",,".",1,,,"9999","BAS Excluded",,,,,,,,"DRAFT","Exclusive"
"0403 DARACON",,,,,,,,,,"W37772_10,285","10,285","20/12/2023","19/01/2024",,".",1,,,"9999","BAS Excluded",,,,,,,,"DRAFT","Exclusive"
"0403 DARACON",,,,,,,,,,"W37772_10,285","10,285","20/12/2023","19/01/2024",,".",1,,,"9999","BAS Excluded",,,,,,,,"DRAFT","Exclusive"
"0403 DARACON",,,,,,,,,,"W37772_10,285","10,285","20/12/2023","19/01/2024",,".",1,,,"9999","BAS Excluded",,,,,,,,"DRAFT","Exclusive"
"0403 DARACON",,,,,,,,,,"W37772_10,285","10,285","20/12/2023","19/01/2024",,".",1,,,"9999","BAS Excluded",,,,,,,,"DRAFT","Exclusive"
"0403 DARACON",,,,,,,,,,"W37772_10,285","10,285","20/12/2023","19/01/2024",,".",1,,,"9999","BAS Excluded",,,,,,,,"DRAFT","Exclusive"
"0403 DARACON",,,,,,,,,,"W37772_10,285","10,285","20/12/2023","19/01/2024",,".",1,,,"9999","BAS Excluded",,,,,,,,"DRAFT","Exclusive"
"0403 DARACON",,,,,,,,,,"W37772_10,285","10,285","20/12/2023","19/01/2024",,".",1,,,"9999","BAS Excluded",,,,,,,,"DRAFT","Exclusive"
"0403 DARACON",,,,,,,,,,"W37772_10,285","10,285","20/12/2023","19/01/2024",,".",1,,,"9999","BAS Excluded",,,,,,,,"DRAFT","Exclusive"
"0403 DARACON",,,,,,,,,,"W37772_10,285","10,285","20/12/2023","19/01/2024",,".",1,,,"9999","BAS Excluded",,,,,,,,"DRAFT","Exclusive"
"0403 DARACON",,,,,,,,,,"W37772_10,285","10,285","20/12/2023","19/01/2024",,".",1,,,"9999","BAS Excluded",,,,,,,,"DRAFT","Exclusive"
"0403 DARACON",,,,,,,,,,"W37772_10,285","10,285","20/12/2023","19/01/2024",,".",1,,,"9999","BAS Excluded",,,,,,,,"DRAFT","Exclusive"
"0403 DARACON",,,,,,,,,,"W37772_10,285","10,285","20/12/2023","19/01/2024",,".",1,,,"9999","BAS Excluded",,,,,,,,"DRAFT","Exclusive"
"0403 DARACON",,,,,,,,,,"W37772_10,285","10,285","20/12/2023","19/01/2024",,".",1,,,"9999","BAS Excluded",,,,,,,,"DRAFT","Exclusive"
"0403 DARACON",,,,,,,,,,"W37772_10,285","10,285","20/12/2023","19/01/2024",,".",1,,,"9999","BAS Excluded",,,,,,,,"DRAFT","Exclusive"
"0403 DARACON",,,,,,,,,,"W37772_10,285","10,285","20/12/2023","19/01/2024",,".",1,,,"9999","BAS Excluded",,,,,,,,"DRAFT","Exclusive"
"0403 DARACON",,,,,,,,,,"W37772_10,285","10,285","20/12/2023","19/01/2024",,".",1,,,"9999","BAS Excluded",,,,,,,,"DRAFT","Exclusive"
"0403 DARACON",,,,,,,,,,"W37772_10,285","10,285","20/12/2023","19/01/2024",,".",1,,,"9999","BAS Excluded",,,,,,,,"DRAFT","Exclusive"
"0403 DARACON",,,,,,,,,,"W37772_10,285","10,285","20/12/2023","19/01/2024",,".",1,,,"9999","BAS Excluded",,,,,,,,"DRAFT","Exclusive"
"0403 DARACON",,,,,,,,,,"W37772_10,285","10,285","20/12/2023","19/01/2024",,".",1,,,"9999","BAS Excluded",,,,,,,,"DRAFT","Exclusive"
"0403 DARACON",,,,,,,,,,"W37772_10,285","10,285","20/12/2023","19/01/2024",,".",1,,,"9999","BAS Excluded",,,,,,,,"DRAFT","Exclusive"
"0403 DARACON",,,,,,,,,,"W37772_10,285","10,285","20/12/2023","19/01/2024",,".",1,,,"9999","BAS Excluded",,,,,,,,"DRAFT","Exclusive"
"0403 DARACON",,,,,,,,,,"W37772_10,285","10,285","20/12/2023","19/01/2024",,".",1,,,"9999","BAS Excluded",,,,,,,,"DRAFT","Exclusive"
"0403 DARACON",,,,,,,,,,"W37772_10,285","10,285","20/12/2023","19/01/2024",,".",1,,,"9999","BAS Excluded",,,,,,,,"DRAFT","Exclusive"
"0403 DARACON",,,,,,,,,,"W37772_10,285","10,285","20/12/2023","19/01/2024",,".",1,,,"9999","BAS Excluded",,,,,,,,"DRAFT","Exclusive"
"0403 DARACON",,,,,,,,,,"W37772_10,285","10,285","20/12/2023","19/01/2024",,".",1,,,"9999","BAS Excluded",,,,,,,,"DRAFT","Exclusive"
"0403 DARACON",,,,,,,,,,"W37772_10,285","10,285","20/12/2023","19/01/2024",,".",1,,,"9999","BAS Excluded",,,,,,,,"DRAFT","Exclusive"
"0403 DARACON",,,,,,,,,,"W37772_10,285","10,285","20/12/2023","19/01/2024",,".",1,,,"9999","BAS Excluded",,,,,,,,"DRAFT","Exclusive"
"0403 DARACON",,,,,,,,,,"W37772_10,285","10,285","20/12/2023","19/01/2024",,".",1,,,"9999","BAS Excluded",,,,,,,,"DRAFT","Exclusive"
"0403 DARACON",,,,,,,,,,"W37772_10,285","10,285","20/12/2023","19/01/2024",,".",1,,,"9999","BAS Excluded",,,,,,,,"DRAFT","Exclusive"
"0403 DARACON",,,,,,,,,,"W37772_10,285","10,285","20/12/2023","19/01/2024",,".",1,,,"9999","BAS Excluded",,,,,,,,"DRAFT","Exclusive"
"0403 DARACON",,,,,,,,,,"W37772_10,285","10,285","20/12/2023","19/01/2024",,".",1,,,"9999","BAS Excluded",,,,,,,,"DRAFT","Exclusive"
"0403 DARACON",,,,,,,,,,"W37772_10,285","10,285","20/12/2023","19/01/2024",,".",1,,,"9999","BAS Excluded",,,,,,,,"DRAFT","Exclusive"
"0403 DARACON",,,,,,,,,,"W37772_10,285","10,285","20/12/2023","19/01/2024",,".",1,,,"9999","BAS Excluded",,,,,,,,"DRAFT","Exclusive"
"0403 DARACON",,,,,,,,,,"W37772_10,285","10,285","20/12/2023","19/01/2024",,".",1,,,"9999","BAS Excluded",,,,,,,,"DRAFT","Exclusive"
"0403 DARACON",,,,,,,,,,"W37772_10,285","10,285","20/12/2023","19/01/2024",,".",1,,,"9999","BAS Excluded",,,,,,,,"DRAFT","Exclusive"
"0403 DARACON",,,,,,,,,,"W37772_10,285","10,285","20/12/2023","19/01/2024",,".",1,,,"9999","BAS Excluded",,,,,,,,"DRAFT","Exclusive"
"0403 DARACON",,,,,,,,,,"W37772_10,285","10,285","20/12/2023","19/01/2024",,".",1,,,"9999","BAS Excluded",,,,,,,,"DRAFT","Exclusive"
"0403 DARACON",,,,,,,,,,"W37772_10,285","10,285","20/12/2023","19/01/2024",,".",1,,,"9999","BAS Excluded",,,,,,,,"DRAFT","Exclusive"
"0403 DARACON",,,,,,,,,,"W37772_10,285","10,285","20/12/2023","19/01/2024",,".",1,,,"9999","BAS Excluded",,,,,,,,"DRAFT","Exclusive"
"0403 DARACON",,,,,,,,,,"W37772_10,285","10,285","20/12/2023","19/01/2024",,".",1,,,"9999","BAS Excluded",,,,,,,,"DRAFT","Exclusive"
"0403 DARACON",,,,,,,,,,"W37772_10,285","10,285","20/12/2023","19/01/2024",,".",1,,,"9999","BAS Excluded",,,,,,,,"DRAFT","Exclusive"
"0403 DARACON",,,,,,,,,,"W37772_10,285","10,285","20/12/2023","19/01/2024",,".",1,,,"9999","BAS Excluded",,,,,,,,"DRAFT","Exclusive"
"0403 DARACON",,,,,,,,,,"W37772_10,285","10,285","20/12/2023","19/01/2024",,".",1,,,"9999","BAS Excluded",,,,,,,,"DRAFT","Exclusive"
"0403 DARACON",,,,,,,,,,"W37772_10,285","10,285","20/12/2023","19/01/2024",,".",1,,,"9999","BAS Excluded",,,,,,,,"DRAFT","Exclusive"
"0403 DARACON",,,,,,,,,,"W37772_10,285","10,285","20/12/2023","19/01/2024",,".",1,,,"9999","BAS Excluded",,,,,,,,"DRAFT","Exclusive"
"0403 DARACON",,,,,,,,,,"W37772_10,285","10,285","20/12/2023","19/01/2024",,".",1,,,"9999","BAS Excluded",,,,,,,,"DRAFT","Exclusive"
"0403 DARACON",,,,,,,,,,"W37772_10,285","10,285","20/12/2023","19/01/2024",,".",1,,,"9999","BAS Excluded",,,,,,,,"DRAFT","Exclusive"
"0403 DARACON",,,,,,,,,,"W37772_10,285","10,285","20/12/2023","19/01/2024",,".",1,,,"9999","BAS Excluded",,,,,,,,"DRAFT","Exclusive"
"0403 DARACON",,,,,,,,,,"W37772_10,285","10,285","20/12/2023","19/01/2024",,".",1,,,"9999","BAS Excluded",,,,,,,,"DRAFT","Exclusive"
"0403 DARACON",,,,,,,,,,"W37772_10,285","10,285","20/12/2023","19/01/2024",,".",1,,,"9999","BAS Excluded",,,,,,,,"DRAFT","Exclusive"
"0403 DARACON",,,,,,,,,,"W37772_10,285","10,285","20/12/2023","19/01/2024",,".",1,,,"9999","BAS Excluded",,,,,,,,"DRAFT","Exclusive"
"0403 DARACON",,,,,,,,,,"W37772_10,285","10,285","20/12/2023","19/01/2024",,".",1,,,"9999","BAS Excluded",,,,,,,,"DRAFT","Exclusive"
"0403 DARACON",,,,,,,,,,"W37772_10,285","10,285","20/12/2023","19/01/2024",,".",1,,,"9999","BAS Excluded",,,,,,,,"DRAFT","Exclusive"
"0403 DARACON",,,,,,,,,,"W37772_10,285","10,285","20/12/2023","19/01/2024",,".",1,,,"9999","BAS Excluded",,,,,,,,"DRAFT","Exclusive"
"0403 DARACON",,,,,,,,,,"W37772_10,285","10,285","20/12/2023","19/01/2024",,".",1,,,"9999","BAS Excluded",,,,,,,,"DRAFT","Exclusive"
"0403 DARACON",,,,,,,,,,"W37772_10,285","10,285","20/12/2023","19/01/2024",,".",1,,,"9999","BAS Excluded",,,,,,,,"DRAFT","Exclusive"
"0403 DARACON",,,,,,,,,,"W37772_10,285","10,285","20/12/2023","19/01/2024",,".",1,,,"9999","BAS Excluded",,,,,,,,"DRAFT","Exclusive"
"0403 DARACON",,,,,,,,,,"W37772_10,285","10,285","20/12/2023","19/01/2024",,".",1,,,"9999","BAS Excluded",,,,,,,,"DRAFT","Exclusive"
"0403 DARACON",,,,,,,,,,"W37772_10,285","10,285","20/12/2023","19/01/2024",,".",1,,,"9999","BAS Excluded",,,,,,,,"DRAFT","Exclusive"
"0403 DARACON",,,,,,,,,,"W37772_10,285","10,285","20/12/2023","19/01/2024",,".",1,,,"9999","BAS Excluded",,,,,,,,"DRAFT","Exclusive"
"0403 DARACON",,,,,,,,,,"W37772_10,285","10,285","20/12/2023","19/01/2024",,".",1,,,"9999","BAS Excluded",,,,,,,,"DRAFT","Exclusive"
"0403 DARACON",,,,,,,,,,"W37772_10,285","10,285","20/12/2023","19/01/2024",,".",1,,,"9999","BAS Excluded",,,,,,,,"DRAFT","Exclusive"
"0403 DARACON",,,,,,,,,,"W37772_10,285","10,285","20/12/2023","19/01/2024",,".",1,,,"9999","BAS Excluded",,,,,,,,"DRAFT","Exclusive"
"0403 DARACON",,,,,,,,,,"W37772_10,285","10,285","20/12/2023","19/01/2024",,".",1,,,"9999","BAS Excluded",,,,,,,,"DRAFT","Exclusive"
"0403 DARACON",,,,,,,,,,"W37772_10,285","10,285","20/12/2023","19/01/2024",,".",1,,,"9999","BAS Excluded",,,,,,,,"DRAFT","Exclusive"
"Australian Taxation Office",,,,,,,,,,"W37772_10,285","10,285","20/12/2023","31/12/2023",,".",1,,,"9999","BAS Excluded",,,,,,,,"DRAFT","Exclusive"
"4000 MACKAS SAND",,,,,,,,,,"W37773","10,286","20/12/2023","19/01/2024",,".",1,,,"9999","BAS Excluded",,,,,,,,"DRAFT","Exclusive"
"4000 MACKAS SAND",,,,,,,,,,"W37773_10,286","10,286","20/12/2023","19/01/2024",,".",1,,,"9999","BAS Excluded",,,,,,,,"DRAFT","Exclusive"
"4000 MACKAS SAND",,,,,,,,,,"W37773_10,286","10,286","20/12/2023","19/01/2024",,".",1,,,"9999","BAS Excluded",,,,,,,,"DRAFT","Exclusive"
"4000 MACKAS SAND",,,,,,,,,,"W37773_10,286","10,286","20/12/2023","19/01/2024",,".",1,,,"9999","BAS Excluded",,,,,,,,"DRAFT","Exclusive"
"4000 MACKAS SAND",,,,,,,,,,"W37773_10,286","10,286","20/12/2023","19/01/2024",,".",1,,,"9999","BAS Excluded",,,,,,,,"DRAFT","Exclusive"
"4000 MACKAS SAND",,,,,,,,,,"W37773_10,286","10,286","20/12/2023","19/01/2024",,".",1,,,"9999","BAS Excluded",,,,,,,,"DRAFT","Exclusive"
"4000 MACKAS SAND",,,,,,,,,,"W37773_10,286","10,286","20/12/2023","19/01/2024",,".",1,,,"9999","BAS Excluded",,,,,,,,"DRAFT","Exclusive"
"4000 MACKAS SAND",,,,,,,,,,"W37773_10,286","10,286","20/12/2023","19/01/2024",,".",1,,,"9999","BAS Excluded",,,,,,,,"DRAFT","Exclusive"
"4000 MACKAS SAND",,,,,,,,,,"W37773_10,286","10,286","20/12/2023","19/01/2024",,".",1,,,"9999","BAS Excluded",,,,,,,,"DRAFT","Exclusive"
"4000 MACKAS SAND",,,,,,,,,,"W37773_10,286","10,286","20/12/2023","19/01/2024",,".",1,,,"9999","BAS Excluded",,,,,,,,"DRAFT","Exclusive"
"4000 MACKAS SAND",,,,,,,,,,"W37773_10,286","10,286","20/12/2023","19/01/2024",,".",1,,,"9999","BAS Excluded",,,,,,,,"DRAFT","Exclusive"
"4000 MACKAS SAND",,,,,,,,,,"W37773_10,286","10,286","20/12/2023","19/01/2024",,".",1,,,"9999","BAS Excluded",,,,,,,,"DRAFT","Exclusive"
"4000 MACKAS SAND",,,,,,,,,,"W37773_10,286","10,286","20/12/2023","19/01/2024",,".",1,,,"9999","BAS Excluded",,,,,,,,"DRAFT","Exclusive"
"4000 MACKAS SAND",,,,,,,,,,"W37773_10,286","10,286","20/12/2023","19/01/2024",,".",1,,,"9999","BAS Excluded",,,,,,,,"DRAFT","Exclusive"
"4000 MACKAS SAND",,,,,,,,,,"W37773_10,286","10,286","20/12/2023","19/01/2024",,".",1,,,"9999","BAS Excluded",,,,,,,,"DRAFT","Exclusive"
"4000 MACKAS SAND",,,,,,,,,,"W37773_10,286","10,286","20/12/2023","19/01/2024",,".",1,,,"9999","BAS Excluded",,,,,,,,"DRAFT","Exclusive"
"4000 MACKAS SAND",,,,,,,,,,"W37773_10,286","10,286","20/12/2023","19/01/2024",,".",1,,,"9999","BAS Excluded",,,,,,,,"DRAFT","Exclusive"
"4000 MACKAS SAND",,,,,,,,,,"W37773_10,286","10,286","20/12/2023","19/01/2024",,".",1,,,"9999","BAS Excluded",,,,,,,,"DRAFT","Exclusive"
"4000 MACKAS SAND",,,,,,,,,,"W37773_10,286","10,286","20/12/2023","19/01/2024",,".",1,,,"9999","BAS Excluded",,,,,,,,"DRAFT","Exclusive"
"4000 MACKAS SAND",,,,,,,,,,"W37773_10,286","10,286","20/12/2023","19/01/2024",,".",1,,,"9999","BAS Excluded",,,,,,,,"DRAFT","Exclusive"
"4000 MACKAS SAND",,,,,,,,,,"W37773_10,286","10,286","20/12/2023","19/01/2024",,".",1,,,"9999","BAS Excluded",,,,,,,,"DRAFT","Exclusive"
"4000 MACKAS SAND",,,,,,,,,,"W37773_10,286","10,286","20/12/2023","19/01/2024",,".",1,,,"9999","BAS Excluded",,,,,,,,"DRAFT","Exclusive"
"4000 MACKAS SAND",,,,,,,,,,"W37773_10,286","10,286","20/12/2023","19/01/2024",,".",1,,,"9999","BAS Excluded",,,,,,,,"DRAFT","Exclusive"
"4000 MACKAS SAND",,,,,,,,,,"W37773_10,286","10,286","20/12/2023","19/01/2024",,".",1,,,"9999","BAS Excluded",,,,,,,,"DRAFT","Exclusive"
"Australian Taxation Office",,,,,,,,,,"W37773_10,286","10,286","20/12/2023","31/12/2023",,".",1,,,"9999","BAS Excluded",,,,,,,,"DRAFT","Exclusive"
"1302 MACKA'S SAND & SOIL SUPPLIES",,,,,,,,,,"M37800","10,304","31/12/2023","30/01/2024",,".",1,,,"9999","BAS Excluded",,,,,,,,"DRAFT","Exclusive"
"1302 MACKA'S SAND & SOIL SUPPLIES",,,,,,,,,,"M37800_10,304","10,304","31/12/2023","30/01/2024",,".",1,,,"9999","BAS Excluded",,,,,,,,"DRAFT","Exclusive"
"Australian Taxation Office",,,,,,,,,,"M37800_10,304","10,304","31/12/2023","31/12/2023",,".",1,,,"9999","BAS Excluded",,,,,,,,"DRAFT","Exclusive"
"0300 Cash Sales - COD",,,,,,,,,,"W37797","10,290","07/01/2024","07/01/2024",,".",1,,,"9999","BAS Excluded",,,,,,,,"DRAFT","Exclusive"
"1302 MACKA'S SAND & SOIL",,,,,,,,,,"W37797_10,290","10,290","07/01/2024","07/01/2024",,".",1,,,"9999","BAS Excluded",,,,,,,,"DRAFT","Exclusive"
"Australian Taxation Office",,,,,,,,,,"W37797_10,290","10,290","07/01/2024","31/01/2024",,".",1,,,"9999","BAS Excluded",,,,,,,,"DRAFT","Exclusive"
"1302 MACKA'S SAND & SOIL SUPPLIES",,,,,,,,,,"M37801","10,313","31/01/2024","01/03/2024",,".",1,,,"9999","BAS Excluded",,,,,,,,"DRAFT","Exclusive"
"1302 MACKA'S SAND & SOIL SUPPLIES",,,,,,,,,,"M37801_10,313","10,313","31/01/2024","01/03/2024",,".",1,,,"9999","BAS Excluded",,,,,,,,"DRAFT","Exclusive"
"Australian Taxation Office",,,,,,,,,,"M37801_10,313","10,313","31/01/2024","31/01/2024",,".",1,,,"9999","BAS Excluded",,,,,,,,"DRAFT","Exclusive"
"0300 Cash Sales - COD",,,,,,,,,,"W37987","10,325","17/02/2024","17/02/2024",,".",1,,,"9999","BAS Excluded",,,,,,,,"DRAFT","Exclusive"
"1302 MACKA'S SAND & SOIL",,,,,,,,,,"W37987_10,325","10,325","17/02/2024","17/02/2024",,".",1,,,"9999","BAS Excluded",,,,,,,,"DRAFT","Exclusive"
"1302 MACKA'S SAND & SOIL",,,,,,,,,,"W37987_10,325","10,325","17/02/2024","17/02/2024",,".",1,,,"9999","BAS Excluded",,,,,,,,"DRAFT","Exclusive"
"1302 MACKA'S SAND & SOIL",,,,,,,,,,"W37987_10,325","10,325","17/02/2024","17/02/2024",,".",1,,,"9999","BAS Excluded",,,,,,,,"DRAFT","Exclusive"
"1302 MACKA'S SAND & SOIL",,,,,,,,,,"W37987_10,325","10,325","17/02/2024","17/02/2024",,".",1,,,"9999","BAS Excluded",,,,,,,,"DRAFT","Exclusive"
"1302 MACKA'S SAND & SOIL",,,,,,,,,,"W37987_10,325","10,325","17/02/2024","17/02/2024",,".",1,,,"9999","BAS Excluded",,,,,,,,"DRAFT","Exclusive"
"1302 MACKA'S SAND & SOIL",,,,,,,,,,"W37987_10,325","10,325","17/02/2024","17/02/2024",,".",1,,,"9999","BAS Excluded",,,,,,,,"DRAFT","Exclusive"
"1302 MACKA'S SAND & SOIL",,,,,,,,,,"W37987_10,325","10,325","17/02/2024","17/02/2024",,".",1,,,"9999","BAS Excluded",,,,,,,,"DRAFT","Exclusive"
"1302 MACKA'S SAND & SOIL",,,,,,,,,,"W37987_10,325","10,325","17/02/2024","17/02/2024",,".",1,,,"9999","BAS Excluded",,,,,,,,"DRAFT","Exclusive"
"1302 MACKA'S SAND & SOIL",,,,,,,,,,"W37987_10,325","10,325","17/02/2024","17/02/2024",,".",1,,,"9999","BAS Excluded",,,,,,,,"DRAFT","Exclusive"
"1302 MACKA'S SAND & SOIL",,,,,,,,,,"W37987_10,325","10,325","17/02/2024","17/02/2024",,".",1,,,"9999","BAS Excluded",,,,,,,,"DRAFT","Exclusive"
"1302 MACKA'S SAND & SOIL",,,,,,,,,,"W37987_10,325","10,325","17/02/2024","17/02/2024",,".",1,,,"9999","BAS Excluded",,,,,,,,"DRAFT","Exclusive"
"1302 MACKA'S SAND & SOIL",,,,,,,,,,"W37987_10,325","10,325","17/02/2024","17/02/2024",,".",1,,,"9999","BAS Excluded",,,,,,,,"DRAFT","Exclusive"
"1302 MACKA'S SAND & SOIL",,,,,,,,,,"W37987_10,325","10,325","17/02/2024","17/02/2024",,".",1,,,"9999","BAS Excluded",,,,,,,,"DRAFT","Exclusive"
"1302 MACKA'S SAND & SOIL",,,,,,,,,,"W37987_10,325","10,325","17/02/2024","17/02/2024",,".",1,,,"9999","BAS Excluded",,,,,,,,"DRAFT","Exclusive"
"1302 MACKA'S SAND & SOIL",,,,,,,,,,"W37987_10,325","10,325","17/02/2024","17/02/2024",,".",1,,,"9999","BAS Excluded",,,,,,,,"DRAFT","Exclusive"
"Australian Taxation Office",,,,,,,,,,"W37987_10,325","10,325","17/02/2024","29/02/2024",,".",1,,,"9999","BAS Excluded",,,,,,,,"DRAFT","Exclusive"
"0300 Cash Sales - COD",,,,,,,,,,"W37986","10,326","17/02/2024","17/02/2024",,".",1,,,"9999","BAS Excluded",,,,,,,,"DRAFT","Exclusive"
"1302 MACKA'S SAND & SOIL",,,,,,,,,,"W37986_10,326","10,326","17/02/2024","17/02/2024",,".",1,,,"9999","BAS Excluded",,,,,,,,"DRAFT","Exclusive"
"1302 MACKA'S SAND & SOIL",,,,,,,,,,"W37986_10,326","10,326","17/02/2024","17/02/2024",,".",1,,,"9999","BAS Excluded",,,,,,,,"DRAFT","Exclusive"
"1302 MACKA'S SAND & SOIL",,,,,,,,,,"W37986_10,326","10,326","17/02/2024","17/02/2024",,".",1,,,"9999","BAS Excluded",,,,,,,,"DRAFT","Exclusive"
"1302 MACKA'S SAND & SOIL",,,,,,,,,,"W37986_10,326","10,326","17/02/2024","17/02/2024",,".",1,,,"9999","BAS Excluded",,,,,,,,"DRAFT","Exclusive"
"1302 MACKA'S SAND & SOIL",,,,,,,,,,"W37986_10,326","10,326","17/02/2024","17/02/2024",,".",1,,,"9999","BAS Excluded",,,,,,,,"DRAFT","Exclusive"
"1302 MACKA'S SAND & SOIL",,,,,,,,,,"W37986_10,326","10,326","17/02/2024","17/02/2024",,".",1,,,"9999","BAS Excluded",,,,,,,,"DRAFT","Exclusive"
"1302 MACKA'S SAND & SOIL",,,,,,,,,,"W37986_10,326","10,326","17/02/2024","17/02/2024",,".",1,,,"9999","BAS Excluded",,,,,,,,"DRAFT","Exclusive"
"1302 MACKA'S SAND & SOIL",,,,,,,,,,"W37986_10,326","10,326","17/02/2024","17/02/2024",,".",1,,,"9999","BAS Excluded",,,,,,,,"DRAFT","Exclusive"
"1302 MACKA'S SAND & SOIL",,,,,,,,,,"W37986_10,326","10,326","17/02/2024","17/02/2024",,".",1,,,"9999","BAS Excluded",,,,,,,,"DRAFT","Exclusive"
"1302 MACKA'S SAND & SOIL",,,,,,,,,,"W37986_10,326","10,326","17/02/2024","17/02/2024",,".",1,,,"9999","BAS Excluded",,,,,,,,"DRAFT","Exclusive"
"1302 MACKA'S SAND & SOIL",,,,,,,,,,"W37986_10,326","10,326","17/02/2024","17/02/2024",,".",1,,,"9999","BAS Excluded",,,,,,,,"DRAFT","Exclusive"
"1302 MACKA'S SAND & SOIL",,,,,,,,,,"W37986_10,326","10,326","17/02/2024","17/02/2024",,".",1,,,"9999","BAS Excluded",,,,,,,,"DRAFT","Exclusive"
"1302 MACKA'S SAND & SOIL",,,,,,,,,,"W37986_10,326","10,326","17/02/2024","17/02/2024",,".",1,,,"9999","BAS Excluded",,,,,,,,"DRAFT","Exclusive"
"1302 MACKA'S SAND & SOIL",,,,,,,,,,"W37986_10,326","10,326","17/02/2024","17/02/2024",,".",1,,,"9999","BAS Excluded",,,,,,,,"DRAFT","Exclusive"
"1302 MACKA'S SAND & SOIL",,,,,,,,,,"W37986_10,326","10,326","17/02/2024","17/02/2024",,".",1,,,"9999","BAS Excluded",,,,,,,,"DRAFT","Exclusive"
"1302 MACKA'S SAND & SOIL",,,,,,,,,,"W37986_10,326","10,326","17/02/2024","17/02/2024",,".",1,,,"9999","BAS Excluded",,,,,,,,"DRAFT","Exclusive"
"Australian Taxation Office",,,,,,,,,,"W37986_10,326","10,326","17/02/2024","29/02/2024",,".",1,,,"9999","BAS Excluded",,,,,,,,"DRAFT","Exclusive"
"0300 Cash Sales - COD",,,,,,,,,,"W38029","10,328","29/02/2024","29/02/2024",,".",1,,,"9999","BAS Excluded",,,,,,,,"DRAFT","Exclusive"
"1302 MACKA'S SAND & SOIL",,,,,,,,,,"W38029_10,328","10,328","29/02/2024","29/02/2024",,".",1,,,"9999","BAS Excluded",,,,,,,,"DRAFT","Exclusive"
"1302 MACKA'S SAND & SOIL",,,,,,,,,,"W38029_10,328","10,328","29/02/2024","29/02/2024",,".",1,,,"9999","BAS Excluded",,,,,,,,"DRAFT","Exclusive"
"Australian Taxation Office",,,,,,,,,,"W38029_10,328","10,328","29/02/2024","29/02/2024",,".",1,,,"9999","BAS Excluded",,,,,,,,"DRAFT","Exclusive"
"1302 MACKA'S SAND & SOIL SUPPLIES",,,,,,,,,,"W38028","10,329","29/02/2024","30/03/2024",,".",1,,,"9999","BAS Excluded",,,,,,,,"DRAFT","Exclusive"
"1302 MACKA'S SAND & SOIL",,,,,,,,,,"W38028_10,329","10,329","29/02/2024","30/03/2024",,".",1,,,"9999","BAS Excluded",,,,,,,,"DRAFT","Exclusive"
"Australian Taxation Office",,,,,,,,,,"W38028_10,329","10,329","29/02/2024","29/02/2024",,".",1,,,"9999","BAS Excluded",,,,,,,,"DRAFT","Exclusive"
"1302 MACKA'S SAND & SOIL SUPPLIES",,,,,,,,,,"M38031","10,377","29/02/2024","30/03/2024",,".",1,,,"9999","BAS Excluded",,,,,,,,"DRAFT","Exclusive"
"1302 MACKA'S SAND & SOIL SUPPLIES",,,,,,,,,,"M38031_10,377","10,377","29/02/2024","30/03/2024",,".",1,,,"9999","BAS Excluded",,,,,,,,"DRAFT","Exclusive"
"Australian Taxation Office",,,,,,,,,,"M38031_10,377","10,377","29/02/2024","29/02/2024",,".",1,,,"9999","BAS Excluded",,,,,,,,"DRAFT","Exclusive"
"0300 Cash Sales - COD",,,,,,,,,,"W38030","10,375","10/03/2024","10/03/2024",,".",1,,,"9999","BAS Excluded",,,,,,,,"DRAFT","Exclusive"
"1302 MACKA'S SAND & SOIL",,,,,,,,,,"W38030_10,375","10,375","10/03/2024","10/03/2024",,".",1,,,"9999","BAS Excluded",,,,,,,,"DRAFT","Exclusive"
"1302 MACKA'S SAND & SOIL",,,,,,,,,,"W38030_10,375","10,375","10/03/2024","10/03/2024",,".",1,,,"9999","BAS Excluded",,,,,,,,"DRAFT","Exclusive"
"1302 MACKA'S SAND & SOIL",,,,,,,,,,"W38030_10,375","10,375","10/03/2024","10/03/2024",,".",1,,,"9999","BAS Excluded",,,,,,,,"DRAFT","Exclusive"
"1302 MACKA'S SAND & SOIL",,,,,,,,,,"W38030_10,375","10,375","10/03/2024","10/03/2024",,".",1,,,"9999","BAS Excluded",,,,,,,,"DRAFT","Exclusive"
"Australian Taxation Office",,,,,,,,,,"W38030_10,375","10,375","10/03/2024","31/03/2024",,".",1,,,"9999","BAS Excluded",,,,,,,,"DRAFT","Exclusive"
"1302 MACKA'S SAND & SOIL SUPPLIES",,,,,,,,,,"M38032","10,378","31/03/2024","30/04/2024",,".",1,,,"9999","BAS Excluded",,,,,,,,"DRAFT","Exclusive"
"1302 MACKA'S SAND & SOIL SUPPLIES",,,,,,,,,,"M38032_10,378","10,378","31/03/2024","30/04/2024",,".",1,,,"9999","BAS Excluded",,,,,,,,"DRAFT","Exclusive"
"Australian Taxation Office",,,,,,,,,,"M38032_10,378","10,378","31/03/2024","31/03/2024",,".",1,,,"9999","BAS Excluded",,,,,,,,"DRAFT","Exclusive"
"1302 MACKA'S SAND & SOIL SUPPLIES",,,,,,,,,,"M38034","10,390","30/04/2024","30/05/2024",,".",1,,,"9999","BAS Excluded",,,,,,,,"DRAFT","Exclusive"
"1302 MACKA'S SAND & SOIL SUPPLIES",,,,,,,,,,"M38034_10,390","10,390","30/04/2024","30/05/2024",,".",1,,,"9999","BAS Excluded",,,,,,,,"DRAFT","Exclusive"
"Australian Taxation Office",,,,,,,,,,"M38034_10,390","10,390","30/04/2024","30/04/2024",,".",1,,,"9999","BAS Excluded",,,,,,,,"DRAFT","Exclusive"
"0300 Cash Sales - COD",,,,,,,,,,"M38035","10,401","14/05/2024","14/05/2024",,".",1,,,"9999","BAS Excluded",,,,,,,,"DRAFT","Exclusive"
"0300 Cash Sales - COD",,,,,,,,,,"M38035_10,401","10,401","14/05/2024","14/05/2024",,".",1,,,"9999","BAS Excluded",,,,,,,,"DRAFT","Exclusive"
"Australian Taxation Office",,,,,,,,,,"M38035_10,401","10,401","14/05/2024","31/05/2024",,".",1,,,"9999","BAS Excluded",,,,,,,,"DRAFT","Exclusive"
"1302 MACKA'S SAND & SOIL",,,,,,,,,,"W38315","10,409","14/05/2024","13/06/2024",,".",1,,,"9999","BAS Excluded",,,,,,,,"DRAFT","Exclusive"
"1302 MACKA'S SAND & SOIL",,,,,,,,,,"W38315_10,409","10,409","14/05/2024","13/06/2024",,".",1,,,"9999","BAS Excluded",,,,,,,,"DRAFT","Exclusive"
"Australian Taxation Office",,,,,,,,,,"W38315_10,409","10,409","14/05/2024","31/05/2024",,".",1,,,"9999","BAS Excluded",,,,,,,,"DRAFT","Exclusive"
"1350 MILLEEN CONSTRUCTIONS PTY LTD",,,,,,,,,,"W38412","10,412","30/05/2024","29/06/2024",,".",1,,,"9999","BAS Excluded",,,,,,,,"DRAFT","Exclusive"
"1350 MILLEEN CONSTRUCTIONS PTY LTD",,,,,,,,,,"W38412_10,412","10,412","30/05/2024","29/06/2024",,".",1,,,"9999","BAS Excluded",,,,,,,,"DRAFT","Exclusive"
"1350 MILLEEN CONSTRUCTIONS PTY LTD",,,,,,,,,,"W38412_10,412","10,412","30/05/2024","29/06/2024",,".",1,,,"9999","BAS Excluded",,,,,,,,"DRAFT","Exclusive"
"1350 MILLEEN CONSTRUCTIONS PTY LTD",,,,,,,,,,"W38412_10,412","10,412","30/05/2024","29/06/2024",,".",1,,,"9999","BAS Excluded",,,,,,,,"DRAFT","Exclusive"
"1350 MILLEEN CONSTRUCTIONS PTY LTD",,,,,,,,,,"W38412_10,412","10,412","30/05/2024","29/06/2024",,".",1,,,"9999","BAS Excluded",,,,,,,,"DRAFT","Exclusive"
"Australian Taxation Office",,,,,,,,,,"W38412_10,412","10,412","30/05/2024","31/05/2024",,".",1,,,"9999","BAS Excluded",,,,,,,,"DRAFT","Exclusive"
"1302 MACKA'S SAND & SOIL SUPPLIES",,,,,,,,,,"M38582","10,439","31/05/2024","30/06/2024",,".",1,,,"9999","BAS Excluded",,,,,,,,"DRAFT","Exclusive"
"1302 MACKA'S SAND & SOIL SUPPLIES",,,,,,,,,,"M38582_10,439","10,439","31/05/2024","30/06/2024",,".",1,,,"9999","BAS Excluded",,,,,,,,"DRAFT","Exclusive"
"Australian Taxation Office",,,,,,,,,,"M38582_10,439","10,439","31/05/2024","31/05/2024",,".",1,,,"9999","BAS Excluded",,,,,,,,"DRAFT","Exclusive"
"1350 MILLEEN CONSTRUCTIONS PTY LTD",,,,,,,,,,"W38537","10,424","18/06/2024","18/07/2024",,".",1,,,"9999","BAS Excluded",,,,,,,,"DRAFT","Exclusive"
"1350 MILLEEN CONSTRUCTIONS PTY LTD",,,,,,,,,,"W38537_10,424","10,424","18/06/2024","18/07/2024",,".",1,,,"9999","BAS Excluded",,,,,,,,"DRAFT","Exclusive"
"1350 MILLEEN CONSTRUCTIONS PTY LTD",,,,,,,,,,"W38537_10,424","10,424","18/06/2024","18/07/2024",,".",1,,,"9999","BAS Excluded",,,,,,,,"DRAFT","Exclusive"
"Australian Taxation Office",,,,,,,,,,"W38537_10,424","10,424","18/06/2024","30/06/2024",,".",1,,,"9999","BAS Excluded",,,,,,,,"DRAFT","Exclusive"
"1302 MACKA'S SAND & SOIL",,,,,,,,,,"W38538","10,425","30/06/2024","30/06/2024",,".",1,,,"9999","BAS Excluded",,,,,,,,"DRAFT","Exclusive"
"1302 MACKA'S SAND & SOIL",,,,,,,,,,"W38538_10,425","10,425","30/06/2024","30/06/2024",,".",1,,,"9999","BAS Excluded",,,,,,,,"DRAFT","Exclusive"
"1302 MACKA'S SAND & SOIL",,,,,,,,,,"W38538_10,425","10,425","30/06/2024","30/06/2024",,".",1,,,"9999","BAS Excluded",,,,,,,,"DRAFT","Exclusive"
"1302 MACKA'S SAND & SOIL",,,,,,,,,,"W38538_10,425","10,425","30/06/2024","30/06/2024",,".",1,,,"9999","BAS Excluded",,,,,,,,"DRAFT","Exclusive"
"1302 MACKA'S SAND & SOIL",,,,,,,,,,"W38538_10,425","10,425","30/06/2024","30/06/2024",,".",1,,,"9999","BAS Excluded",,,,,,,,"DRAFT","Exclusive"
"1302 MACKA'S SAND & SOIL",,,,,,,,,,"W38538_10,425","10,425","30/06/2024","30/06/2024",,".",1,,,"9999","BAS Excluded",,,,,,,,"DRAFT","Exclusive"
"1302 MACKA'S SAND & SOIL",,,,,,,,,,"W38538_10,425","10,425","30/06/2024","30/06/2024",,".",1,,,"9999","BAS Excluded",,,,,,,,"DRAFT","Exclusive"
"1302 MACKA'S SAND & SOIL",,,,,,,,,,"W38538_10,425","10,425","30/06/2024","30/06/2024",,".",1,,,"9999","BAS Excluded",,,,,,,,"DRAFT","Exclusive"
"1302 MACKA'S SAND & SOIL",,,,,,,,,,"W38538_10,425","10,425","30/06/2024","30/06/2024",,".",1,,,"9999","BAS Excluded",,,,,,,,"DRAFT","Exclusive"
"1302 MACKA'S SAND & SOIL",,,,,,,,,,"W38538_10,425","10,425","30/06/2024","30/06/2024",,".",1,,,"9999","BAS Excluded",,,,,,,,"DRAFT","Exclusive"
"1302 MACKA'S SAND & SOIL",,,,,,,,,,"W38538_10,425","10,425","30/06/2024","30/06/2024",,".",1,,,"9999","BAS Excluded",,,,,,,,"DRAFT","Exclusive"
"Australian Taxation Office",,,,,,,,,,"W38538_10,425","10,425","30/06/2024","30/06/2024",,".",1,,,"9999","BAS Excluded",,,,,,,,"DRAFT","Exclusive"
"1302 MACKA'S SAND & SOIL",,,,,,,,,,"W38579","10,432","30/06/2024","30/07/2024",,".",1,,,"9999","BAS Excluded",,,,,,,,"DRAFT","Exclusive"
"1302 MACKA'S SAND & SOIL",,,,,,,,,,"W38579_10,432","10,432","30/06/2024","30/07/2024",,".",1,,,"9999","BAS Excluded",,,,,,,,"DRAFT","Exclusive"
"1302 MACKA'S SAND & SOIL",,,,,,,,,,"W38579_10,432","10,432","30/06/2024","30/07/2024",,".",1,,,"9999","BAS Excluded",,,,,,,,"DRAFT","Exclusive"
"1302 MACKA'S SAND & SOIL",,,,,,,,,,"W38579_10,432","10,432","30/06/2024","30/07/2024",,".",1,,,"9999","BAS Excluded",,,,,,,,"DRAFT","Exclusive"
"1302 MACKA'S SAND & SOIL",,,,,,,,,,"W38579_10,432","10,432","30/06/2024","30/07/2024",,".",1,,,"9999","BAS Excluded",,,,,,,,"DRAFT","Exclusive"
"1302 MACKA'S SAND & SOIL",,,,,,,,,,"W38579_10,432","10,432","30/06/2024","30/07/2024",,".",1,,,"9999","BAS Excluded",,,,,,,,"DRAFT","Exclusive"
"1302 MACKA'S SAND & SOIL",,,,,,,,,,"W38579_10,432","10,432","30/06/2024","30/07/2024",,".",1,,,"9999","BAS Excluded",,,,,,,,"DRAFT","Exclusive"
"1302 MACKA'S SAND & SOIL",,,,,,,,,,"W38579_10,432","10,432","30/06/2024","30/07/2024",,".",1,,,"9999","BAS Excluded",,,,,,,,"DRAFT","Exclusive"
"1302 MACKA'S SAND & SOIL",,,,,,,,,,"W38579_10,432","10,432","30/06/2024","30/07/2024",,".",1,,,"9999","BAS Excluded",,,,,,,,"DRAFT","Exclusive"
"1302 MACKA'S SAND & SOIL",,,,,,,,,,"W38579_10,432","10,432","30/06/2024","30/07/2024",,".",1,,,"9999","BAS Excluded",,,,,,,,"DRAFT","Exclusive"
"1302 MACKA'S SAND & SOIL",,,,,,,,,,"W38579_10,432","10,432","30/06/2024","30/07/2024",,".",1,,,"9999","BAS Excluded",,,,,,,,"DRAFT","Exclusive"
"1302 MACKA'S SAND & SOIL",,,,,,,,,,"W38579_10,432","10,432","30/06/2024","30/07/2024",,".",1,,,"9999","BAS Excluded",,,,,,,,"DRAFT","Exclusive"
"1302 MACKA'S SAND & SOIL",,,,,,,,,,"W38579_10,432","10,432","30/06/2024","30/07/2024",,".",1,,,"9999","BAS Excluded",,,,,,,,"DRAFT","Exclusive"
"1302 MACKA'S SAND & SOIL",,,,,,,,,,"W38579_10,432","10,432","30/06/2024","30/07/2024",,".",1,,,"9999","BAS Excluded",,,,,,,,"DRAFT","Exclusive"
"1302 MACKA'S SAND & SOIL",,,,,,,,,,"W38579_10,432","10,432","30/06/2024","30/07/2024",,".",1,,,"9999","BAS Excluded",,,,,,,,"DRAFT","Exclusive"
"1302 MACKA'S SAND & SOIL",,,,,,,,,,"W38579_10,432","10,432","30/06/2024","30/07/2024",,".",1,,,"9999","BAS Excluded",,,,,,,,"DRAFT","Exclusive"
"Australian Taxation Office",,,,,,,,,,"W38579_10,432","10,432","30/06/2024","30/06/2024",,".",1,,,"9999","BAS Excluded",,,,,,,,"DRAFT","Exclusive"
"1350 MILLEEN CONSTRUCTIONS PTY LTD",,,,,,,,,,"W38580","10,433","30/06/2024","30/07/2024",,".",1,,,"9999","BAS Excluded",,,,,,,,"DRAFT","Exclusive"
"1350 MILLEEN CONSTRUCTIONS PTY LTD",,,,,,,,,,"W38580_10,433","10,433","30/06/2024","30/07/2024",,".",1,,,"9999","BAS Excluded",,,,,,,,"DRAFT","Exclusive"
"1350 MILLEEN CONSTRUCTIONS PTY LTD",,,,,,,,,,"W38580_10,433","10,433","30/06/2024","30/07/2024",,".",1,,,"9999","BAS Excluded",,,,,,,,"DRAFT","Exclusive"
"Australian Taxation Office",,,,,,,,,,"W38580_10,433","10,433","30/06/2024","30/06/2024",,".",1,,,"9999","BAS Excluded",,,,,,,,"DRAFT","Exclusive"
"0300 Cash Sales - COD",,,,,,,,,,"W38581","10,434","30/06/2024","30/06/2024",,".",1,,,"9999","BAS Excluded",,,,,,,,"DRAFT","Exclusive"
"1302 MACKA'S SAND & SOIL",,,,,,,,,,"W38581_10,434","10,434","30/06/2024","30/06/2024",,".",1,,,"9999","BAS Excluded",,,,,,,,"DRAFT","Exclusive"
"1302 MACKA'S SAND & SOIL",,,,,,,,,,"W38581_10,434","10,434","30/06/2024","30/06/2024",,".",1,,,"9999","BAS Excluded",,,,,,,,"DRAFT","Exclusive"
"1302 MACKA'S SAND & SOIL",,,,,,,,,,"W38581_10,434","10,434","30/06/2024","30/06/2024",,".",1,,,"9999","BAS Excluded",,,,,,,,"DRAFT","Exclusive"
"Australian Taxation Office",,,,,,,,,,"W38581_10,434","10,434","30/06/2024","30/06/2024",,".",1,,,"9999","BAS Excluded",,,,,,,,"DRAFT","Exclusive"
"1302 MACKA'S SAND & SOIL SUPPLIES",,,,,,,,,,"M38583","10,440","30/06/2024","30/07/2024",,".",1,,,"9999","BAS Excluded",,,,,,,,"DRAFT","Exclusive"
"1302 MACKA'S SAND & SOIL SUPPLIES",,,,,,,,,,"M38583_10,440","10,440","30/06/2024","30/07/2024",,".",1,,,"9999","BAS Excluded",,,,,,,,"DRAFT","Exclusive"
"Australian Taxation Office",,,,,,,,,,"M38583_10,440","10,440","30/06/2024","30/06/2024",,".",1,,,"9999","BAS Excluded",,,,,,,,"DRAFT","Exclusive"
"1350 MILLEEN CONSTRUCTIONS PTY LTD",,,,,,,,,,"W38619","10,443","09/07/2024","31/08/2024",,".",1,,,"9999","BAS Excluded",,,,,,,,"DRAFT","Exclusive"
"1350 MILLEEN CONSTRUCTIONS PTY LTD",,,,,,,,,,"W38619_10,443","10,443","09/07/2024","31/08/2024",,".",1,,,"9999","BAS Excluded",,,,,,,,"DRAFT","Exclusive"
"Australian Taxation Office",,,,,,,,,,"W38619_10,443","10,443","09/07/2024","31/07/2024",,".",1,,,"9999","BAS Excluded",,,,,,,,"DRAFT","Exclusive"
"0300 Cash Sales - COD",,,,,,,,,,"M38620","10,445","12/07/2024","12/07/2024",,".",1,,,"9999","BAS Excluded",,,,,,,,"DRAFT","Exclusive"
"0300 Cash Sales - COD",,,,,,,,,,"M38620_10,445","10,445","12/07/2024","12/07/2024",,".",1,,,"9999","BAS Excluded",,,,,,,,"DRAFT","Exclusive"
"Australian Taxation Office",,,,,,,,,,"M38620_10,445","10,445","12/07/2024","31/07/2024",,".",1,,,"9999","BAS Excluded",,,,,,,,"DRAFT","Exclusive"
"1302 MACKA'S SAND & SOIL",,,,,,,,,,"W38652","10,455","23/07/2024","22/08/2024",,".",1,,,"9999","BAS Excluded",,,,,,,,"DRAFT","Exclusive"
"1302 MACKA'S SAND & SOIL",,,,,,,,,,"W38652_10,455","10,455","23/07/2024","22/08/2024",,".",1,,,"9999","BAS Excluded",,,,,,,,"DRAFT","Exclusive"
"Australian Taxation Office",,,,,,,,,,"W38652_10,455","10,455","23/07/2024","31/07/2024",,".",1,,,"9999","BAS Excluded",,,,,,,,"DRAFT","Exclusive"
"1350 MILLEEN CONSTRUCTIONS PTY LTD",,,,,,,,,,"W38690","10,457","23/07/2024","22/08/2024",,".",1,,,"9999","BAS Excluded",,,,,,,,"DRAFT","Exclusive"
"1350 MILLEEN CONSTRUCTIONS PTY LTD",,,,,,,,,,"W38690_10,457","10,457","23/07/2024","22/08/2024",,".",1,,,"9999","BAS Excluded",,,,,,,,"DRAFT","Exclusive"
"1350 MILLEEN CONSTRUCTIONS PTY LTD",,,,,,,,,,"W38690_10,457","10,457","23/07/2024","22/08/2024",,".",1,,,"9999","BAS Excluded",,,,,,,,"DRAFT","Exclusive"
"Australian Taxation Office",,,,,,,,,,"W38690_10,457","10,457","23/07/2024","31/07/2024",,".",1,,,"9999","BAS Excluded",,,,,,,,"DRAFT","Exclusive"
"1302 MACKA'S SAND & SOIL SUPPLIES",,,,,,,,,,"M39038","10,565","31/07/2024","30/08/2024",,".",1,,,"9999","BAS Excluded",,,,,,,,"DRAFT","Exclusive"
"1302 MACKA'S SAND & SOIL SUPPLIES",,,,,,,,,,"M39038_10,565","10,565","31/07/2024","30/08/2024",,".",1,,,"9999","BAS Excluded",,,,,,,,"DRAFT","Exclusive"
"Australian Taxation Office",,,,,,,,,,"M39038_10,565","10,565","31/07/2024","31/07/2024",,".",1,,,"9999","BAS Excluded",,,,,,,,"DRAFT","Exclusive"
"1350 MILLEEN CONSTRUCTIONS PTY LTD",,,,,,,,,,"W38762","10,505","06/08/2024","30/09/2024",,".",1,,,"9999","BAS Excluded",,,,,,,,"DRAFT","Exclusive"
"1350 MILLEEN CONSTRUCTIONS PTY LTD",,,,,,,,,,"W38762_10,505","10,505","06/08/2024","30/09/2024",,".",1,,,"9999","BAS Excluded",,,,,,,,"DRAFT","Exclusive"
"1350 MILLEEN CONSTRUCTIONS PTY LTD",,,,,,,,,,"W38762_10,505","10,505","06/08/2024","30/09/2024",,".",1,,,"9999","BAS Excluded",,,,,,,,"DRAFT","Exclusive"
"Australian Taxation Office",,,,,,,,,,"W38762_10,505","10,505","06/08/2024","31/08/2024",,".",1,,,"9999","BAS Excluded",,,,,,,,"DRAFT","Exclusive"
"0300 Cash Sales - COD",,,,,,,,,,"W38879","10,506","13/08/2024","13/08/2024",,".",1,,,"9999","BAS Excluded",,,,,,,,"DRAFT","Exclusive"
"1302 MACKA'S SAND & SOIL",,,,,,,,,,"W38879_10,506","10,506","13/08/2024","13/08/2024",,".",1,,,"9999","BAS Excluded",,,,,,,,"DRAFT","Exclusive"
"1302 MACKA'S SAND & SOIL",,,,,,,,,,"W38879_10,506","10,506","13/08/2024","13/08/2024",,".",1,,,"9999","BAS Excluded",,,,,,,,"DRAFT","Exclusive"
"1302 MACKA'S SAND & SOIL",,,,,,,,,,"W38879_10,506","10,506","13/08/2024","13/08/2024",,".",1,,,"9999","BAS Excluded",,,,,,,,"DRAFT","Exclusive"
"1302 MACKA'S SAND & SOIL",,,,,,,,,,"W38879_10,506","10,506","13/08/2024","13/08/2024",,".",1,,,"9999","BAS Excluded",,,,,,,,"DRAFT","Exclusive"
"0300 Cash Sales - COD",,,,,,,,,,"W38879_10,506","10,506","13/08/2024","13/08/2024",,".",1,,,"9999","BAS Excluded",,,,,,,,"DRAFT","Exclusive"
"Australian Taxation Office",,,,,,,,,,"W38879_10,506","10,506","13/08/2024","31/08/2024",,".",1,,,"9999","BAS Excluded",,,,,,,,"DRAFT","Exclusive"
"1302 MACKA'S SAND & SOIL",,,,,,,,,,"W38880","10,507","20/08/2024","19/09/2024",,".",1,,,"9999","BAS Excluded",,,,,,,,"DRAFT","Exclusive"
"1302 MACKA'S SAND & SOIL",,,,,,,,,,"W38880_10,507","10,507","20/08/2024","19/09/2024",,".",1,,,"9999","BAS Excluded",,,,,,,,"DRAFT","Exclusive"
"Australian Taxation Office",,,,,,,,,,"W38880_10,507","10,507","20/08/2024","31/08/2024",,".",1,,,"9999","BAS Excluded",,,,,,,,"DRAFT","Exclusive"
"1350 MILLEEN CONSTRUCTIONS PTY LTD",,,,,,,,,,"W38914","10,528","20/08/2024","19/09/2024",,".",1,,,"9999","BAS Excluded",,,,,,,,"DRAFT","Exclusive"
"1350 MILLEEN CONSTRUCTIONS PTY LTD",,,,,,,,,,"W38914_10,528","10,528","20/08/2024","19/09/2024",,".",1,,,"9999","BAS Excluded",,,,,,,,"DRAFT","Exclusive"
"1350 MILLEEN CONSTRUCTIONS PTY LTD",,,,,,,,,,"W38914_10,528","10,528","20/08/2024","19/09/2024",,".",1,,,"9999","BAS Excluded",,,,,,,,"DRAFT","Exclusive"
"Australian Taxation Office",,,,,,,,,,"W38914_10,528","10,528","20/08/2024","31/08/2024",,".",1,,,"9999","BAS Excluded",,,,,,,,"DRAFT","Exclusive"
"0300 Cash Sales - COD",,,,,,,,,,"M38882","10,519","28/08/2024","28/08/2024",,".",1,,,"9999","BAS Excluded",,,,,,,,"DRAFT","Exclusive"
"0300 Cash Sales - COD",,,,,,,,,,"M38882_10,519","10,519","28/08/2024","28/08/2024",,".",1,,,"9999","BAS Excluded",,,,,,,,"DRAFT","Exclusive"
"Australian Taxation Office",,,,,,,,,,"M38882_10,519","10,519","28/08/2024","31/08/2024",,".",1,,,"9999","BAS Excluded",,,,,,,,"DRAFT","Exclusive"
"1302 MACKA'S SAND & SOIL",,,,,,,,,,"W38953","10,524","31/08/2024","30/09/2024",,".",1,,,"9999","BAS Excluded",,,,,,,,"DRAFT","Exclusive"
"1302 MACKA'S SAND & SOIL",,,,,,,,,,"W38953_10,524","10,524","31/08/2024","30/09/2024",,".",1,,,"9999","BAS Excluded",,,,,,,,"DRAFT","Exclusive"
"1302 MACKA'S SAND & SOIL",,,,,,,,,,"W38953_10,524","10,524","31/08/2024","30/09/2024",,".",1,,,"9999","BAS Excluded",,,,,,,,"DRAFT","Exclusive"
"1302 MACKA'S SAND & SOIL",,,,,,,,,,"W38953_10,524","10,524","31/08/2024","30/09/2024",,".",1,,,"9999","BAS Excluded",,,,,,,,"DRAFT","Exclusive"
"Australian Taxation Office",,,,,,,,,,"W38953_10,524","10,524","31/08/2024","31/08/2024",,".",1,,,"9999","BAS Excluded",,,,,,,,"DRAFT","Exclusive"
"1302 MACKA'S SAND & SOIL",,,,,,,,,,"W38951","10,525","31/08/2024","30/09/2024",,".",1,,,"9999","BAS Excluded",,,,,,,,"DRAFT","Exclusive"
"1302 MACKA'S SAND & SOIL",,,,,,,,,,"W38951_10,525","10,525","31/08/2024","30/09/2024",,".",1,,,"9999","BAS Excluded",,,,,,,,"DRAFT","Exclusive"
"1302 MACKA'S SAND & SOIL",,,,,,,,,,"W38951_10,525","10,525","31/08/2024","30/09/2024",,".",1,,,"9999","BAS Excluded",,,,,,,,"DRAFT","Exclusive"
"1302 MACKA'S SAND & SOIL",,,,,,,,,,"W38951_10,525","10,525","31/08/2024","30/09/2024",,".",1,,,"9999","BAS Excluded",,,,,,,,"DRAFT","Exclusive"
"1302 MACKA'S SAND & SOIL",,,,,,,,,,"W38951_10,525","10,525","31/08/2024","30/09/2024",,".",1,,,"9999","BAS Excluded",,,,,,,,"DRAFT","Exclusive"
"1302 MACKA'S SAND & SOIL",,,,,,,,,,"W38951_10,525","10,525","31/08/2024","30/09/2024",,".",1,,,"9999","BAS Excluded",,,,,,,,"DRAFT","Exclusive"
"Australian Taxation Office",,,,,,,,,,"W38951_10,525","10,525","31/08/2024","31/08/2024",,".",1,,,"9999","BAS Excluded",,,,,,,,"DRAFT","Exclusive"
"1350 MILLEEN CONSTRUCTIONS PTY LTD",,,,,,,,,,"W38952","10,526","31/08/2024","30/09/2024",,".",1,,,"9999","BAS Excluded",,,,,,,,"DRAFT","Exclusive"
"1350 MILLEEN CONSTRUCTIONS PTY LTD",,,,,,,,,,"W38952_10,526","10,526","31/08/2024","30/09/2024",,".",1,,,"9999","BAS Excluded",,,,,,,,"DRAFT","Exclusive"
"Australian Taxation Office",,,,,,,,,,"W38952_10,526","10,526","31/08/2024","31/08/2024",,".",1,,,"9999","BAS Excluded",,,,,,,,"DRAFT","Exclusive"
"1302 MACKA'S SAND & SOIL SUPPLIES",,,,,,,,,,"M39039","10,566","31/08/2024","30/09/2024",,".",1,,,"9999","BAS Excluded",,,,,,,,"DRAFT","Exclusive"
"1302 MACKA'S SAND & SOIL SUPPLIES",,,,,,,,,,"M39039_10,566","10,566","31/08/2024","30/09/2024",,".",1,,,"9999","BAS Excluded",,,,,,,,"DRAFT","Exclusive"
"Australian Taxation Office",,,,,,,,,,"M39039_10,566","10,566","31/08/2024","31/08/2024",,".",1,,,"9999","BAS Excluded",,,,,,,,"DRAFT","Exclusive"
"1302 MACKA'S SAND & SOIL",,,,,,,,,,"M38998","10,534","10/09/2024","10/10/2024",,".",1,,,"9999","BAS Excluded",,,,,,,,"DRAFT","Exclusive"
"1302 MACKA'S SAND & SOIL",,,,,,,,,,"M38998_10,534","10,534","10/09/2024","10/10/2024",,".",1,,,"9999","BAS Excluded",,,,,,,,"DRAFT","Exclusive"
"Australian Taxation Office",,,,,,,,,,"M38998_10,534","10,534","10/09/2024","30/09/2024",,".",1,,,"9999","BAS Excluded",,,,,,,,"DRAFT","Exclusive"
"1302 MACKA'S SAND & SOIL",,,,,,,,,,"M39036","10,544","17/09/2024","17/10/2024",,".",1,,,"9999","BAS Excluded",,,,,,,,"DRAFT","Exclusive"
"1302 MACKA'S SAND & SOIL",,,,,,,,,,"M39036_10,544","10,544","17/09/2024","17/10/2024",,".",1,,,"9999","BAS Excluded",,,,,,,,"DRAFT","Exclusive"
"1302 MACKA'S SAND & SOIL",,,,,,,,,,"M39036_10,544","10,544","17/09/2024","17/10/2024",,".",1,,,"9999","BAS Excluded",,,,,,,,"DRAFT","Exclusive"
"1302 MACKA'S SAND & SOIL",,,,,,,,,,"M39036_10,544","10,544","17/09/2024","17/10/2024",,".",1,,,"9999","BAS Excluded",,,,,,,,"DRAFT","Exclusive"
"1302 MACKA'S SAND & SOIL",,,,,,,,,,"M39036_10,544","10,544","17/09/2024","17/10/2024",,".",1,,,"9999","BAS Excluded",,,,,,,,"DRAFT","Exclusive"
"1302 MACKA'S SAND & SOIL",,,,,,,,,,"M39036_10,544","10,544","17/09/2024","17/10/2024",,".",1,,,"9999","BAS Excluded",,,,,,,,"DRAFT","Exclusive"
"1302 MACKA'S SAND & SOIL",,,,,,,,,,"M39036_10,544","10,544","17/09/2024","17/10/2024",,".",1,,,"9999","BAS Excluded",,,,,,,,"DRAFT","Exclusive"
"Australian Taxation Office",,,,,,,,,,"M39036_10,544","10,544","17/09/2024","30/09/2024",,".",1,,,"9999","BAS Excluded",,,,,,,,"DRAFT","Exclusive"
"1302 MACKA'S SAND & SOIL SUPPLIES",,,,,,,,,,"M39040","10,567","30/09/2024","30/10/2024",,".",1,,,"9999","BAS Excluded",,,,,,,,"DRAFT","Exclusive"
"1302 MACKA'S SAND & SOIL SUPPLIES",,,,,,,,,,"M39040_10,567","10,567","30/09/2024","30/10/2024",,".",1,,,"9999","BAS Excluded",,,,,,,,"DRAFT","Exclusive"
"Australian Taxation Office",,,,,,,,,,"M39040_10,567","10,567","30/09/2024","30/09/2024",,".",1,,,"9999","BAS Excluded",,,,,,,,"DRAFT","Exclusive"
"1302 MACKA'S SAND & SOIL",,,,,,,,,,"W39037","10,545","01/10/2024","30/11/2024",,".",1,,,"9999","BAS Excluded",,,,,,,,"DRAFT","Exclusive"
"1302 MACKA'S SAND & SOIL",,,,,,,,,,"W39037_10,545","10,545","01/10/2024","30/11/2024",,".",1,,,"9999","BAS Excluded",,,,,,,,"DRAFT","Exclusive"
"Australian Taxation Office",,,,,,,,,,"W39037_10,545","10,545","01/10/2024","31/10/2024",,".",1,,,"9999","BAS Excluded",,,,,,,,"DRAFT","Exclusive"
"1302 MACKA'S SAND & SOIL",,,,,,,,,,"W39081","10,568","01/10/2024","31/10/2024",,".",1,,,"9999","BAS Excluded",,,,,,,,"DRAFT","Exclusive"
"1302 MACKA'S SAND & SOIL",,,,,,,,,,"W39081_10,568","10,568","01/10/2024","31/10/2024",,".",1,,,"9999","BAS Excluded",,,,,,,,"DRAFT","Exclusive"
"1302 MACKA'S SAND & SOIL",,,,,,,,,,"W39081_10,568","10,568","01/10/2024","31/10/2024",,".",1,,,"9999","BAS Excluded",,,,,,,,"DRAFT","Exclusive"
"1302 MACKA'S SAND & SOIL",,,,,,,,,,"W39081_10,568","10,568","01/10/2024","31/10/2024",,".",1,,,"9999","BAS Excluded",,,,,,,,"DRAFT","Exclusive"
"1302 MACKA'S SAND & SOIL",,,,,,,,,,"W39081_10,568","10,568","01/10/2024","31/10/2024",,".",1,,,"9999","BAS Excluded",,,,,,,,"DRAFT","Exclusive"
"1302 MACKA'S SAND & SOIL",,,,,,,,,,"W39081_10,568","10,568","01/10/2024","31/10/2024",,".",1,,,"9999","BAS Excluded",,,,,,,,"DRAFT","Exclusive"
"1302 MACKA'S SAND & SOIL",,,,,,,,,,"W39081_10,568","10,568","01/10/2024","31/10/2024",,".",1,,,"9999","BAS Excluded",,,,,,,,"DRAFT","Exclusive"
"1302 MACKA'S SAND & SOIL",,,,,,,,,,"W39081_10,568","10,568","01/10/2024","31/10/2024",,".",1,,,"9999","BAS Excluded",,,,,,,,"DRAFT","Exclusive"
"1302 MACKA'S SAND & SOIL",,,,,,,,,,"W39081_10,568","10,568","01/10/2024","31/10/2024",,".",1,,,"9999","BAS Excluded",,,,,,,,"DRAFT","Exclusive"
"1302 MACKA'S SAND & SOIL",,,,,,,,,,"W39081_10,568","10,568","01/10/2024","31/10/2024",,".",1,,,"9999","BAS Excluded",,,,,,,,"DRAFT","Exclusive"
"1302 MACKA'S SAND & SOIL",,,,,,,,,,"W39081_10,568","10,568","01/10/2024","31/10/2024",,".",1,,,"9999","BAS Excluded",,,,,,,,"DRAFT","Exclusive"
"1302 MACKA'S SAND & SOIL",,,,,,,,,,"W39081_10,568","10,568","01/10/2024","31/10/2024",,".",1,,,"9999","BAS Excluded",,,,,,,,"DRAFT","Exclusive"
"1302 MACKA'S SAND & SOIL",,,,,,,,,,"W39081_10,568","10,568","01/10/2024","31/10/2024",,".",1,,,"9999","BAS Excluded",,,,,,,,"DRAFT","Exclusive"
"1302 MACKA'S SAND & SOIL",,,,,,,,,,"W39081_10,568","10,568","01/10/2024","31/10/2024",,".",1,,,"9999","BAS Excluded",,,,,,,,"DRAFT","Exclusive"
"1302 MACKA'S SAND & SOIL",,,,,,,,,,"W39081_10,568","10,568","01/10/2024","31/10/2024",,".",1,,,"9999","BAS Excluded",,,,,,,,"DRAFT","Exclusive"
"1302 MACKA'S SAND & SOIL",,,,,,,,,,"W39081_10,568","10,568","01/10/2024","31/10/2024",,".",1,,,"9999","BAS Excluded",,,,,,,,"DRAFT","Exclusive"
"1302 MACKA'S SAND & SOIL",,,,,,,,,,"W39081_10,568","10,568","01/10/2024","31/10/2024",,".",1,,,"9999","BAS Excluded",,,,,,,,"DRAFT","Exclusive"
"1302 MACKA'S SAND & SOIL",,,,,,,,,,"W39081_10,568","10,568","01/10/2024","31/10/2024",,".",1,,,"9999","BAS Excluded",,,,,,,,"DRAFT","Exclusive"
"1302 MACKA'S SAND & SOIL",,,,,,,,,,"W39081_10,568","10,568","01/10/2024","31/10/2024",,".",1,,,"9999","BAS Excluded",,,,,,,,"DRAFT","Exclusive"
"1302 MACKA'S SAND & SOIL",,,,,,,,,,"W39081_10,568","10,568","01/10/2024","31/10/2024",,".",1,,,"9999","BAS Excluded",,,,,,,,"DRAFT","Exclusive"
"1302 MACKA'S SAND & SOIL",,,,,,,,,,"W39081_10,568","10,568","01/10/2024","31/10/2024",,".",1,,,"9999","BAS Excluded",,,,,,,,"DRAFT","Exclusive"
"1302 MACKA'S SAND & SOIL",,,,,,,,,,"W39081_10,568","10,568","01/10/2024","31/10/2024",,".",1,,,"9999","BAS Excluded",,,,,,,,"DRAFT","Exclusive"
"1302 MACKA'S SAND & SOIL",,,,,,,,,,"W39081_10,568","10,568","01/10/2024","31/10/2024",,".",1,,,"9999","BAS Excluded",,,,,,,,"DRAFT","Exclusive"
"1302 MACKA'S SAND & SOIL",,,,,,,,,,"W39081_10,568","10,568","01/10/2024","31/10/2024",,".",1,,,"9999","BAS Excluded",,,,,,,,"DRAFT","Exclusive"
"1302 MACKA'S SAND & SOIL",,,,,,,,,,"W39081_10,568","10,568","01/10/2024","31/10/2024",,".",1,,,"9999","BAS Excluded",,,,,,,,"DRAFT","Exclusive"
"Australian Taxation Office",,,,,,,,,,"W39081_10,568","10,568","01/10/2024","31/10/2024",,".",1,,,"9999","BAS Excluded",,,,,,,,"DRAFT","Exclusive"
"1302 MACKA'S SAND & SOIL",,,,,,,,,,"W39125","10,573","08/10/2024","07/11/2024",,".",1,,,"9999","BAS Excluded",,,,,,,,"DRAFT","Exclusive"
"1302 MACKA'S SAND & SOIL",,,,,,,,,,"W39125_10,573","10,573","08/10/2024","07/11/2024",,".",1,,,"9999","BAS Excluded",,,,,,,,"DRAFT","Exclusive"
"Australian Taxation Office",,,,,,,,,,"W39125_10,573","10,573","08/10/2024","31/10/2024",,".",1,,,"9999","BAS Excluded",,,,,,,,"DRAFT","Exclusive"
"1350 MILLEEN CONSTRUCTIONS PTY LTD",,,,,,,,,,"W39082","10,569","10/10/2024","30/11/2024",,".",1,,,"9999","BAS Excluded",,,,,,,,"DRAFT","Exclusive"
"1350 MILLEEN CONSTRUCTIONS PTY LTD",,,,,,,,,,"W39082_10,569","10,569","10/10/2024","30/11/2024",,".",1,,,"9999","BAS Excluded",,,,,,,,"DRAFT","Exclusive"
"1350 MILLEEN CONSTRUCTIONS PTY LTD",,,,,,,,,,"W39082_10,569","10,569","10/10/2024","30/11/2024",,".",1,,,"9999","BAS Excluded",,,,,,,,"DRAFT","Exclusive"
"Australian Taxation Office",,,,,,,,,,"W39082_10,569","10,569","10/10/2024","31/10/2024",,".",1,,,"9999","BAS Excluded",,,,,,,,"DRAFT","Exclusive"
"1350 MILLEEN CONSTRUCTIONS PTY LTD",,,,,,,,,,"W39175","10,575","17/10/2024","16/11/2024",,".",1,,,"9999","BAS Excluded",,,,,,,,"DRAFT","Exclusive"
"1350 MILLEEN CONSTRUCTIONS PTY LTD",,,,,,,,,,"W39175_10,575","10,575","17/10/2024","16/11/2024",,".",1,,,"9999","BAS Excluded",,,,,,,,"DRAFT","Exclusive"
"Australian Taxation Office",,,,,,,,,,"W39175_10,575","10,575","17/10/2024","31/10/2024",,".",1,,,"9999","BAS Excluded",,,,,,,,"DRAFT","Exclusive"
"1350 MILLEEN CONSTRUCTIONS PTY LTD",,,,,,,,,,"W39220","10,581","22/10/2024","30/11/2024",,".",1,,,"9999","BAS Excluded",,,,,,,,"DRAFT","Exclusive"
"1350 MILLEEN CONSTRUCTIONS PTY LTD",,,,,,,,,,"W39220_10,581","10,581","22/10/2024","30/11/2024",,".",1,,,"9999","BAS Excluded",,,,,,,,"DRAFT","Exclusive"
"Australian Taxation Office",,,,,,,,,,"W39220_10,581","10,581","22/10/2024","31/10/2024",,".",1,,,"9999","BAS Excluded",,,,,,,,"DRAFT","Exclusive"
"1302 MACKA'S SAND & SOIL SUPPLIES",,,,,,,,,,"M39222","10,586","31/10/2024","30/11/2024",,".",1,,,"9999","BAS Excluded",,,,,,,,"DRAFT","Exclusive"
"1302 MACKA'S SAND & SOIL SUPPLIES",,,,,,,,,,"M39222_10,586","10,586","31/10/2024","30/11/2024",,".",1,,,"9999","BAS Excluded",,,,,,,,"DRAFT","Exclusive"
"Australian Taxation Office",,,,,,,,,,"M39222_10,586","10,586","31/10/2024","31/10/2024",,".",1,,,"9999","BAS Excluded",,,,,,,,"DRAFT","Exclusive"
"1350 MILLEEN CONSTRUCTIONS PTY LTD",,,,,,,,,,"W39308","10,596","05/11/2024","05/12/2024",,".",1,,,"9999","BAS Excluded",,,,,,,,"DRAFT","Exclusive"
"1350 MILLEEN CONSTRUCTIONS PTY LTD",,,,,,,,,,"W39308_10,596","10,596","05/11/2024","05/12/2024",,".",1,,,"9999","BAS Excluded",,,,,,,,"DRAFT","Exclusive"
"Australian Taxation Office",,,,,,,,,,"W39308_10,596","10,596","05/11/2024","30/11/2024",,".",1,,,"9999","BAS Excluded",,,,,,,,"DRAFT","Exclusive"
"1350 MILLEEN CONSTRUCTIONS PTY LTD",,,,,,,,,,"W39402","10,597","19/11/2024","19/12/2024",,".",1,,,"9999","BAS Excluded",,,,,,,,"DRAFT","Exclusive"
"1350 MILLEEN CONSTRUCTIONS PTY LTD",,,,,,,,,,"W39402_10,597","10,597","19/11/2024","19/12/2024",,".",1,,,"9999","BAS Excluded",,,,,,,,"DRAFT","Exclusive"
"Australian Taxation Office",,,,,,,,,,"W39402_10,597","10,597","19/11/2024","30/11/2024",,".",1,,,"9999","BAS Excluded",,,,,,,,"DRAFT","Exclusive"
"1350 MILLEEN CONSTRUCTIONS PTY LTD",,,,,,,,,,"W39451","10,602","30/11/2024","31/12/2024",,".",1,,,"9999","BAS Excluded",,,,,,,,"DRAFT","Exclusive"
"1350 MILLEEN CONSTRUCTIONS PTY LTD",,,,,,,,,,"W39451_10,602","10,602","30/11/2024","31/12/2024",,".",1,,,"9999","BAS Excluded",,,,,,,,"DRAFT","Exclusive"
"1350 MILLEEN CONSTRUCTIONS PTY LTD",,,,,,,,,,"W39451_10,602","10,602","30/11/2024","31/12/2024",,".",1,,,"9999","BAS Excluded",,,,,,,,"DRAFT","Exclusive"
"Australian Taxation Office",,,,,,,,,,"W39451_10,602","10,602","30/11/2024","30/11/2024",,".",1,,,"9999","BAS Excluded",,,,,,,,"DRAFT","Exclusive"
"1302 MACKA'S SAND & SOIL SUPPLIES",,,,,,,,,,"M39642","10,632","30/11/2024","30/12/2024",,".",1,,,"9999","BAS Excluded",,,,,,,,"DRAFT","Exclusive"
"1302 MACKA'S SAND & SOIL SUPPLIES",,,,,,,,,,"M39642_10,632","10,632","30/11/2024","30/12/2024",,".",1,,,"9999","BAS Excluded",,,,,,,,"DRAFT","Exclusive"
"Australian Taxation Office",,,,,,,,,,"M39642_10,632","10,632","30/11/2024","30/11/2024",,".",1,,,"9999","BAS Excluded",,,,,,,,"DRAFT","Exclusive"
"1302 MACKA'S SAND & SOIL",,,,,,,,,,"W39584","10,625","18/12/2024","17/01/2025",,".",1,,,"9999","BAS Excluded",,,,,,,,"DRAFT","Exclusive"
"1302 MACKA'S SAND & SOIL",,,,,,,,,,"W39584_10,625","10,625","18/12/2024","17/01/2025",,".",1,,,"9999","BAS Excluded",,,,,,,,"DRAFT","Exclusive"
"Australian Taxation Office",,,,,,,,,,"W39584_10,625","10,625","18/12/2024","31/12/2024",,".",1,,,"9999","BAS Excluded",,,,,,,,"DRAFT","Exclusive"
"1302 MACKA'S SAND & SOIL",,,,,,,,,,"W39641","10,627","31/12/2024","31/01/2025",,".",1,,,"9999","BAS Excluded",,,,,,,,"DRAFT","Exclusive"
"1302 MACKA'S SAND & SOIL",,,,,,,,,,"W39641_10,627","10,627","31/12/2024","31/01/2025",,".",1,,,"9999","BAS Excluded",,,,,,,,"DRAFT","Exclusive"
"Australian Taxation Office",,,,,,,,,,"W39641_10,627","10,627","31/12/2024","31/12/2024",,".",1,,,"9999","BAS Excluded",,,,,,,,"DRAFT","Exclusive"
"1302 MACKA'S SAND & SOIL SUPPLIES",,,,,,,,,,"M39643","10,633","31/12/2024","30/01/2025",,".",1,,,"9999","BAS Excluded",,,,,,,,"DRAFT","Exclusive"
"1302 MACKA'S SAND & SOIL SUPPLIES",,,,,,,,,,"M39643_10,633","10,633","31/12/2024","30/01/2025",,".",1,,,"9999","BAS Excluded",,,,,,,,"DRAFT","Exclusive"
"Australian Taxation Office",,,,,,,,,,"M39643_10,633","10,633","31/12/2024","31/12/2024",,".",1,,,"9999","BAS Excluded",,,,,,,,"DRAFT","Exclusive"
"1302 MACKA'S SAND & SOIL",,,,,,,,,,"W39772","10,645","28/01/2025","27/02/2025",,".",1,,,"9999","BAS Excluded",,,,,,,,"DRAFT","Exclusive"
"1302 MACKA'S SAND & SOIL",,,,,,,,,,"W39772_10,645","10,645","28/01/2025","27/02/2025",,".",1,,,"9999","BAS Excluded",,,,,,,,"DRAFT","Exclusive"
"Australian Taxation Office",,,,,,,,,,"W39772_10,645","10,645","28/01/2025","31/01/2025",,".",1,,,"9999","BAS Excluded",,,,,,,,"DRAFT","Exclusive"
"1302 MACKA'S SAND & SOIL SUPPLIES",,,,,,,,,,"M40104","10,722","31/01/2025","02/03/2025",,".",1,,,"9999","BAS Excluded",,,,,,,,"DRAFT","Exclusive"
"1302 MACKA'S SAND & SOIL SUPPLIES",,,,,,,,,,"M40104_10,722","10,722","31/01/2025","02/03/2025",,".",1,,,"9999","BAS Excluded",,,,,,,,"DRAFT","Exclusive"
"Australian Taxation Office",,,,,,,,,,"M40104_10,722","10,722","31/01/2025","31/01/2025",,".",1,,,"9999","BAS Excluded",,,,,,,,"DRAFT","Exclusive"
"0300 Cash Sales - COD",,,,,,,,,,"W39931","10,698","18/02/2025","18/02/2025",,".",1,,,"9999","BAS Excluded",,,,,,,,"DRAFT","Exclusive"
"1302 MACKA'S SAND & SOIL",,,,,,,,,,"W39931_10,698","10,698","18/02/2025","18/02/2025",,".",1,,,"9999","BAS Excluded",,,,,,,,"DRAFT","Exclusive"
"1302 MACKA'S SAND & SOIL",,,,,,,,,,"W39931_10,698","10,698","18/02/2025","18/02/2025",,".",1,,,"9999","BAS Excluded",,,,,,,,"DRAFT","Exclusive"
"1302 MACKA'S SAND & SOIL",,,,,,,,,,"W39931_10,698","10,698","18/02/2025","18/02/2025",,".",1,,,"9999","BAS Excluded",,,,,,,,"DRAFT","Exclusive"
"1302 MACKA'S SAND & SOIL",,,,,,,,,,"W39931_10,698","10,698","18/02/2025","18/02/2025",,".",1,,,"9999","BAS Excluded",,,,,,,,"DRAFT","Exclusive"
"1302 MACKA'S SAND & SOIL",,,,,,,,,,"W39931_10,698","10,698","18/02/2025","18/02/2025",,".",1,,,"9999","BAS Excluded",,,,,,,,"DRAFT","Exclusive"
"1302 MACKA'S SAND & SOIL",,,,,,,,,,"W39931_10,698","10,698","18/02/2025","18/02/2025",,".",1,,,"9999","BAS Excluded",,,,,,,,"DRAFT","Exclusive"
"1302 MACKA'S SAND & SOIL",,,,,,,,,,"W39931_10,698","10,698","18/02/2025","18/02/2025",,".",1,,,"9999","BAS Excluded",,,,,,,,"DRAFT","Exclusive"
"1302 MACKA'S SAND & SOIL",,,,,,,,,,"W39931_10,698","10,698","18/02/2025","18/02/2025",,".",1,,,"9999","BAS Excluded",,,,,,,,"DRAFT","Exclusive"
"1302 MACKA'S SAND & SOIL",,,,,,,,,,"W39931_10,698","10,698","18/02/2025","18/02/2025",,".",1,,,"9999","BAS Excluded",,,,,,,,"DRAFT","Exclusive"
"1302 MACKA'S SAND & SOIL",,,,,,,,,,"W39931_10,698","10,698","18/02/2025","18/02/2025",,".",1,,,"9999","BAS Excluded",,,,,,,,"DRAFT","Exclusive"
"1302 MACKA'S SAND & SOIL",,,,,,,,,,"W39931_10,698","10,698","18/02/2025","18/02/2025",,".",1,,,"9999","BAS Excluded",,,,,,,,"DRAFT","Exclusive"
"Australian Taxation Office",,,,,,,,,,"W39931_10,698","10,698","18/02/2025","28/02/2025",,".",1,,,"9999","BAS Excluded",,,,,,,,"DRAFT","Exclusive"
"1302 MACKA'S SAND & SOIL",,,,,,,,,,"W39981","10,700","28/02/2025","30/03/2025",,".",1,,,"9999","BAS Excluded",,,,,,,,"DRAFT","Exclusive"
"1302 MACKA'S SAND & SOIL",,,,,,,,,,"W39981_10,700","10,700","28/02/2025","30/03/2025",,".",1,,,"9999","BAS Excluded",,,,,,,,"DRAFT","Exclusive"
"1302 MACKA'S SAND & SOIL",,,,,,,,,,"W39981_10,700","10,700","28/02/2025","30/03/2025",,".",1,,,"9999","BAS Excluded",,,,,,,,"DRAFT","Exclusive"
"Australian Taxation Office",,,,,,,,,,"W39981_10,700","10,700","28/02/2025","28/02/2025",,".",1,,,"9999","BAS Excluded",,,,,,,,"DRAFT","Exclusive"
"1302 MACKA'S SAND & SOIL SUPPLIES",,,,,,,,,,"M40105","10,723","28/02/2025","30/03/2025",,".",1,,,"9999","BAS Excluded",,,,,,,,"DRAFT","Exclusive"
"1302 MACKA'S SAND & SOIL SUPPLIES",,,,,,,,,,"M40105_10,723","10,723","28/02/2025","30/03/2025",,".",1,,,"9999","BAS Excluded",,,,,,,,"DRAFT","Exclusive"
"Australian Taxation Office",,,,,,,,,,"M40105_10,723","10,723","28/02/2025","28/02/2025",,".",1,,,"9999","BAS Excluded",,,,,,,,"DRAFT","Exclusive"
"1302 MACKA'S SAND & SOIL",,,,,,,,,,"W40020","10,705","04/03/2025","03/04/2025",,".",1,,,"9999","BAS Excluded",,,,,,,,"DRAFT","Exclusive"
"1302 MACKA'S SAND & SOIL",,,,,,,,,,"W40020_10,705","10,705","04/03/2025","03/04/2025",,".",1,,,"9999","BAS Excluded",,,,,,,,"DRAFT","Exclusive"
"1302 MACKA'S SAND & SOIL",,,,,,,,,,"W40020_10,705","10,705","04/03/2025","03/04/2025",,".",1,,,"9999","BAS Excluded",,,,,,,,"DRAFT","Exclusive"
"1302 MACKA'S SAND & SOIL",,,,,,,,,,"W40020_10,705","10,705","04/03/2025","03/04/2025",,".",1,,,"9999","BAS Excluded",,,,,,,,"DRAFT","Exclusive"
"1302 MACKA'S SAND & SOIL",,,,,,,,,,"W40020_10,705","10,705","04/03/2025","03/04/2025",,".",1,,,"9999","BAS Excluded",,,,,,,,"DRAFT","Exclusive"
"Australian Taxation Office",,,,,,,,,,"W40020_10,705","10,705","04/03/2025","31/03/2025",,".",1,,,"9999","BAS Excluded",,,,,,,,"DRAFT","Exclusive"
"1302 MACKA'S SAND & SOIL",,,,,,,,,,"W40061","10,715","13/03/2025","12/04/2025",,".",1,,,"9999","BAS Excluded",,,,,,,,"DRAFT","Exclusive"
"1302 MACKA'S SAND & SOIL",,,,,,,,,,"W40061_10,715","10,715","13/03/2025","12/04/2025",,".",1,,,"9999","BAS Excluded",,,,,,,,"DRAFT","Exclusive"
"1302 MACKA'S SAND & SOIL",,,,,,,,,,"W40061_10,715","10,715","13/03/2025","12/04/2025",,".",1,,,"9999","BAS Excluded",,,,,,,,"DRAFT","Exclusive"
"1302 MACKA'S SAND & SOIL",,,,,,,,,,"W40061_10,715","10,715","13/03/2025","12/04/2025",,".",1,,,"9999","BAS Excluded",,,,,,,,"DRAFT","Exclusive"
"1302 MACKA'S SAND & SOIL",,,,,,,,,,"W40061_10,715","10,715","13/03/2025","12/04/2025",,".",1,,,"9999","BAS Excluded",,,,,,,,"DRAFT","Exclusive"
"1302 MACKA'S SAND & SOIL",,,,,,,,,,"W40061_10,715","10,715","13/03/2025","12/04/2025",,".",1,,,"9999","BAS Excluded",,,,,,,,"DRAFT","Exclusive"
"Australian Taxation Office",,,,,,,,,,"W40061_10,715","10,715","13/03/2025","31/03/2025",,".",1,,,"9999","BAS Excluded",,,,,,,,"DRAFT","Exclusive"
"1302 MACKA'S SAND & SOIL",,,,,,,,,,"W40103","10,720","18/03/2025","17/04/2025",,".",1,,,"9999","BAS Excluded",,,,,,,,"DRAFT","Exclusive"
"1302 MACKA'S SAND & SOIL",,,,,,,,,,"W40103_10,720","10,720","18/03/2025","17/04/2025",,".",1,,,"9999","BAS Excluded",,,,,,,,"DRAFT","Exclusive"
"1302 MACKA'S SAND & SOIL",,,,,,,,,,"W40103_10,720","10,720","18/03/2025","17/04/2025",,".",1,,,"9999","BAS Excluded",,,,,,,,"DRAFT","Exclusive"
"1302 MACKA'S SAND & SOIL",,,,,,,,,,"W40103_10,720","10,720","18/03/2025","17/04/2025",,".",1,,,"9999","BAS Excluded",,,,,,,,"DRAFT","Exclusive"
"1302 MACKA'S SAND & SOIL",,,,,,,,,,"W40103_10,720","10,720","18/03/2025","17/04/2025",,".",1,,,"9999","BAS Excluded",,,,,,,,"DRAFT","Exclusive"
"1302 MACKA'S SAND & SOIL",,,,,,,,,,"W40103_10,720","10,720","18/03/2025","17/04/2025",,".",1,,,"9999","BAS Excluded",,,,,,,,"DRAFT","Exclusive"
"1302 MACKA'S SAND & SOIL",,,,,,,,,,"W40103_10,720","10,720","18/03/2025","17/04/2025",,".",1,,,"9999","BAS Excluded",,,,,,,,"DRAFT","Exclusive"
"1302 MACKA'S SAND & SOIL",,,,,,,,,,"W40103_10,720","10,720","18/03/2025","17/04/2025",,".",1,,,"9999","BAS Excluded",,,,,,,,"DRAFT","Exclusive"
"1302 MACKA'S SAND & SOIL",,,,,,,,,,"W40103_10,720","10,720","18/03/2025","17/04/2025",,".",1,,,"9999","BAS Excluded",,,,,,,,"DRAFT","Exclusive"
"1302 MACKA'S SAND & SOIL",,,,,,,,,,"W40103_10,720","10,720","18/03/2025","17/04/2025",,".",1,,,"9999","BAS Excluded",,,,,,,,"DRAFT","Exclusive"
"Australian Taxation Office",,,,,,,,,,"W40103_10,720","10,720","18/03/2025","31/03/2025",,".",1,,,"9999","BAS Excluded",,,,,,,,"DRAFT","Exclusive"
"1302 MACKA'S SAND & SOIL SUPPLIES",,,,,,,,,,"M40108","10,732","31/03/2025","30/04/2025",,".",1,,,"9999","BAS Excluded",,,,,,,,"DRAFT","Exclusive"
"1302 MACKA'S SAND & SOIL SUPPLIES",,,,,,,,,,"M40108_10,732","10,732","31/03/2025","30/04/2025",,".",1,,,"9999","BAS Excluded",,,,,,,,"DRAFT","Exclusive"
"Australian Taxation Office",,,,,,,,,,"M40108_10,732","10,732","31/03/2025","31/03/2025",,".",1,,,"9999","BAS Excluded",,,,,,,,"DRAFT","Exclusive"